,datetime,nav,cash_position,margin_requirement
0,1970-06-30,99.60000000000001,99.60000000000001,99.99999999999997
0,1970-07-31,109.02906029974902,109.02906029974902,109.88093911105506
0,1970-08-31,104.32089150932757,104.32089150932757,105.2138984971192
0,1970-09-30,94.41135345376333,94.41135345376333,95.23450621794986
0,1970-10-30,99.79618186587007,99.79618186587007,100.55864809923791
0,1970-11-30,101.6574100266263,101.65741002662631,102.48593455950815
0,1970-12-31,99.93763967883613,99.93763967883615,100.77374685187422
0,1971-01-29,95.33624040330153,95.33624040330153,96.15637374845232
0,1971-02-26,96.2431012453379,96.24310124533793,97.03071897980271
0,1971-03-31,93.57590212847944,93.57590212847946,94.35702528955466
0,1971-04-30,94.86813454863241,94.86813454863243,95.64053093368108
0,1971-05-28,95.18940571545622,95.1894057154562,95.94355141463774
0,1971-06-30,97.42754720109761,97.4275472010976,98.2113591041799
0,1971-07-30,95.73919739607256,95.73919739607257,96.50453195704993
0,1971-08-31,95.38938011962175,95.38938011962175,96.17406936003775
0,1971-09-30,97.36537912564498,97.36537912564499,98.14237302264107
0,1971-10-29,94.51739658976645,94.51739658976646,95.28474691550889
0,1971-11-30,94.14138963649211,94.14138963649211,94.90235650664538
0,1971-12-31,94.66838098095158,94.66838098095158,95.46307471648221
0,1972-01-31,93.04465174681829,93.0446517468183,93.80943452230639
0,1972-02-29,98.37302397925382,98.37302397925382,99.15346245180233
0,1972-03-30,97.44741899361676,97.44741899361676,98.24561533029843
0,1972-04-28,96.55194039032003,96.55194039032006,97.33798533184631
0,1972-05-31,101.30085730942062,101.30085730942065,102.10195371637262
0,1972-06-30,103.4657444814408,103.46574448144081,104.28554725057191
0,1972-07-31,103.18275509837721,103.18275509837723,104.0224063192428
0,1972-08-31,97.53146898337847,97.5314689833785,98.351103976458
0,1972-09-29,97.40731131476515,97.40731131476517,98.192125214548
0,1972-10-31,96.19939675516169,96.1993967551617,96.98792519487274
0,1972-11-30,91.36825095181592,91.36825095181592,92.13603054789226
0,1972-12-29,95.06384086261399,95.063840862614,95.81717637721228
0,1973-01-31,97.29994728404489,97.29994728404488,98.06466955096306
0,1973-02-28,97.06848016177707,97.06848016177707,97.83834714709735
0,1973-03-30,95.32296591477531,95.32296591477532,96.09591052120847
0,1973-04-30,92.18975335178361,92.18975335178361,92.92635446554627
0,1973-05-31,93.40808545184174,93.40808545184173,94.15027122939037
0,1973-06-29,89.5443343701074,89.5443343701074,90.28410937821694
0,1973-07-31,88.6771019727752,88.6771019727752,89.41953133422645
0,1973-08-31,85.88132283943585,85.88132283943585,86.5749616603046
0,1973-09-28,80.6762077923571,80.6762077923571,81.36112185175153
0,1973-10-31,77.96316184263304,77.96316184263306,78.6012247405279
0,1973-11-30,76.02969239102342,76.02969239102345,76.6151202417185
0,1973-12-31,69.7954271399623,69.7954271399623,70.38361923034024
0,1974-01-31,68.10689875527902,68.10689875527902,68.6625952166122
0,1974-02-28,66.02919875434085,66.02919875434085,66.56961206690929
0,1974-03-29,67.26278424930823,67.26278424930823,67.79309131356673
0,1974-04-30,70.12843731372934,70.12843731372934,70.66727052228099
0,1974-05-31,77.65750543590069,77.65750543590069,78.24126778245062
0,1974-06-28,82.38027291188162,82.3802729118816,83.00733015133282
0,1974-07-31,74.28448367237236,74.28448367237236,74.88300279811602
0,1974-08-30,73.6625842211763,73.6625842211763,74.22881330102464
0,1974-09-30,64.78293878857906,64.78293878857906,65.30279826972391
0,1974-10-31,64.37188850159819,64.37188850159819,64.94890919869898
0,1974-11-29,61.7921627440437,61.792162744043694,62.293973080875
0,1974-12-31,60.47181191806606,60.47181191806607,60.95461737743513
0,1975-01-31,53.7429752673089,53.7429752673089,54.24161243760058
0,1975-02-28,60.19180976910274,60.191809769102726,60.66355627500192
0,1975-03-31,61.74807465113013,61.74807465113013,62.24659241935018
0,1975-04-30,61.599029161950824,61.59902916195082,62.1038600752708
0,1975-05-30,61.82352347760819,61.8235234776082,62.33552884497679
0,1975-06-30,57.21474744359238,57.21474744359239,57.7084969038096
0,1975-07-31,55.41810091325506,55.41810091325506,55.8533362755414
0,1975-08-29,55.682723555260296,55.682723555260296,56.120710771891105
0,1975-09-30,56.8519348237147,56.8519348237147,57.29268852697425
0,1975-10-31,58.5336166296474,58.5336166296474,59.015670082071985
0,1975-11-28,57.137048722762884,57.137048722762884,57.61365283127005
0,1975-12-31,53.77899561336673,53.77899561336673,54.22123060597433
0,1976-01-30,52.70069183658104,52.70069183658104,53.15384111533316
0,1976-02-27,50.61238554217243,50.61238554217244,51.02732220970992
0,1976-03-31,49.975157681380985,49.97515768138099,50.38796813284245
0,1976-04-30,48.434949450648205,48.43494945064821,48.825833454570045
0,1976-05-28,47.8464664766915,47.84646647669152,48.23083820308162
0,1976-06-30,46.366929690551814,46.366929690551814,46.757615249738876
0,1976-07-30,45.115213724009315,45.115213724009315,45.48527822567209
0,1976-08-31,45.58589561551315,45.58589561551315,45.9514012768326
0,1976-09-30,45.75543775858299,45.755437758582985,46.1255416951099
0,1976-10-29,43.68274418680448,43.68274418680447,44.04027897035102
0,1976-11-30,41.94823628190876,41.94823628190876,42.29373092414079
0,1976-12-31,39.163533887618456,39.16353388761845,39.50098867241812
0,1977-01-31,37.58658654074311,37.58658654074311,37.88641984655335
0,1977-02-28,37.59146384409513,37.59146384409513,37.89190753504115
0,1977-03-31,36.73710460810372,36.73710460810372,37.03478782410508
0,1977-04-29,34.550637264125925,34.550637264125925,34.83754576528765
0,1977-05-31,34.27021732946645,34.27021732946644,34.54607172382748
0,1977-06-30,34.391606760538934,34.39160676053893,34.67742544201849
0,1977-07-29,34.282426864111095,34.28242686411109,34.559622911462306
0,1977-08-31,35.60972127004344,35.60972127004343,35.89205064807835
0,1977-09-30,35.59932437970431,35.599324379704306,35.886097851590634
0,1977-10-31,35.54324090630905,35.543240906309045,35.82369629010465
0,1977-11-30,35.244889406066534,35.24488940606652,35.537437199913526
0,1977-12-30,35.203947274628206,35.2039472746282,35.4875064606467
0,1978-01-31,34.69102149126053,34.691021491260514,34.96512672923012
0,1978-02-28,34.03236250446572,34.03236250446571,34.30775582245761
0,1978-03-31,33.485122145683945,33.48512214568394,33.76390447338697
0,1978-04-28,33.77834583645123,33.77834583645122,34.06186467621042
0,1978-05-31,34.92237943775752,34.92237943775751,35.20355733590449
0,1978-06-30,34.94300212173369,34.943002121733684,35.22359673440141
0,1978-07-31,35.01422338400463,35.01422338400462,35.30392283393999
0,1978-08-31,35.03958708571564,35.03958708571564,35.32959806873092
0,1978-09-29,33.827296471703804,33.827296471703804,34.10220006367528
0,1978-10-31,33.424705794469425,33.42470579446942,33.68004193549902
0,1978-11-30,33.98980047664627,33.98980047664627,34.26491893925714
0,1978-12-29,33.9884044343728,33.98840443437279,34.26405188328076
0,1979-01-31,33.15424658985797,33.15424658985796,33.431319028942895
0,1979-02-28,32.44945161229874,32.44945161229873,32.70781207220565
0,1979-03-30,31.664675095308226,31.66467509530822,31.93144740868838
0,1979-04-30,31.11432305313116,31.11432305313115,31.367834150531532
0,1979-05-31,30.360795487811615,30.36079548781161,30.607694947853737
0,1979-06-29,28.4078606537742,28.407860653774197,28.651307470192783
0,1979-07-31,27.76717697692783,27.76717697692782,27.996177763307973
0,1979-08-31,28.905727936710726,28.905727936710715,29.141647828616428
0,1979-09-28,28.871048451446008,28.871048451446,29.101821361086593
0,1979-10-31,29.241937348449454,29.241937348449454,29.46578688795534
0,1979-11-30,29.099385651967008,29.099385651967005,29.341666278287374
0,1979-12-31,29.123383135826135,29.12338313582613,29.35989627465232
0,1980-01-31,27.60131470503876,27.601314705038753,27.830687539332
0,1980-02-29,28.055541486660992,28.05554148666099,28.272960135832996
0,1980-03-31,28.138830787499753,28.13883078749975,28.358325344005447
0,1980-04-30,26.725707570125937,26.725707570125934,26.953438826934367
0,1980-05-30,26.84890800101124,26.848908001011235,27.072949302011224
0,1980-06-30,25.69099268977832,25.690992689778312,25.906150218601375
0,1980-07-31,28.27719419702313,28.27719419702312,28.50187935991118
0,1980-08-29,28.37222507341866,28.37222507341865,28.60227836507638
0,1980-09-30,28.712458259619403,28.7124582596194,28.945321562814044
0,1980-10-31,29.009349433024738,29.00934943302473,29.240954324438956
0,1980-11-28,30.623303523725816,30.623303523725806,30.869097350090115
0,1980-12-31,28.4722205557623,28.472220555762284,28.715101949737626
0,1981-01-30,27.34305789509565,27.34305789509564,27.566210818266754
0,1981-02-27,27.207255449806734,27.207255449806723,27.431062723885418
0,1981-03-31,27.531739242720217,27.531739242720207,27.759680093804327
0,1981-04-30,27.623316429646827,27.623316429646817,27.848668144741538
0,1981-05-29,27.28538160338274,27.285381603382728,27.511043715210583
0,1981-06-30,24.93741714372684,24.937417143726826,25.145816197125765
0,1981-07-31,24.764137010919523,24.764137010919512,24.96073900077225
0,1981-08-31,24.017066250739664,24.017066250739653,24.20796473759614
0,1981-09-30,23.8900358612876,23.89003586128759,24.081765633943988
0,1981-10-30,24.269899556945916,24.26989955694591,24.47137089542038
0,1981-11-30,23.143319327246047,23.143319327246036,23.337740314563874
0,1981-12-31,23.373285938614178,23.373285938614167,23.557396599502344
0,1982-01-29,23.75659368607071,23.756593686070694,23.946768883624994
0,1982-02-26,22.80749348131603,22.807493481316016,22.993036731792415
0,1982-03-31,22.93690683969634,22.936906839696327,23.12138863863412
0,1982-04-30,23.48523838205667,23.485238382056657,23.676600850191004
0,1982-05-28,24.108094078960058,24.108094078960054,24.295435146899038
0,1982-06-30,24.60340143465028,24.603401434650277,24.79941104472975
0,1982-07-30,25.15489459502983,25.15489459502983,25.353667415049607
0,1982-08-31,24.988674939395832,24.98867493939583,25.20166285286602
0,1982-09-30,24.05725786913336,24.057257869133363,24.26006646227762
0,1982-10-29,23.54107690498288,23.54107690498288,23.74784362281991
0,1982-11-30,24.254896341079,24.254896341078997,24.454388721670536
0,1982-12-31,24.25854993005368,24.258549930053675,24.452129844910715
0,1983-01-31,24.703896005796278,24.70389600579627,24.903586370456416
0,1983-02-28,24.534658371985604,24.534658371985596,24.737552103241875
0,1983-03-31,23.601861031502793,23.601861031502786,23.801928358762023
0,1983-04-29,22.55560817361627,22.555608173616267,22.749601179824744
0,1983-05-31,23.022647424808966,23.022647424808962,23.207458909317644
0,1983-06-30,24.523405354351354,24.523405354351354,24.716801557661725
0,1983-07-29,23.390774136537516,23.390774136537516,23.57979185252414
0,1983-08-31,22.255676498731308,22.255676498731308,22.43874798572672
0,1983-09-30,21.952281053332584,21.952281053332584,22.132109161027714
0,1983-10-31,21.760501100436485,21.760501100436485,21.933454990196672
0,1983-11-30,20.93825030945424,20.938250309454233,21.114217408559725
0,1983-12-30,20.276593706667143,20.27659370666714,20.441391411751503
0,1984-01-31,19.12101997957854,19.121019979578534,19.278191258527997
0,1984-02-29,18.86077670006292,18.860776700062914,19.010816672308014
0,1984-03-30,18.462425456209566,18.46242545620956,18.613926502481924
0,1984-04-30,18.929902212039455,18.92990221203945,19.08033066818176
0,1984-05-31,19.621576056238425,19.621576056238414,19.771352151333943
0,1984-06-29,20.180317447776595,20.180317447776588,20.343977868607187
0,1984-07-31,20.00058690663286,20.00058690663286,20.16122752583943
0,1984-08-31,19.546972956420593,19.546972956420596,19.7158773520624
0,1984-09-28,18.18092495744135,18.180924957441356,18.33370283184868
0,1984-10-31,17.553160888376233,17.553160888376233,17.69772713606647
0,1984-11-30,16.85141464026612,16.851414640266125,16.989155439187705
0,1984-12-31,16.19943595501688,16.199435955016888,16.33510939122638
0,1985-01-31,16.49016071649798,16.490160716497986,16.62953659472612
0,1985-02-28,16.61590991368115,16.615909913681154,16.75153339266165
0,1985-03-29,16.448185613341213,16.448185613341217,16.58153006798597
0,1985-04-30,15.434893942568735,15.434893942568742,15.564066536493083
0,1985-05-31,15.512400852222473,15.512400852222505,15.641306951257036
0,1985-06-28,15.323302664052736,15.323302664052765,15.449350443978018
0,1985-07-31,15.023568052452653,15.023568052452681,15.1443506027429
0,1985-08-30,14.928978424069973,14.928978424070001,15.049104892379372
0,1985-09-30,14.852581191135602,14.852581191135624,14.969694671409654
0,1985-10-31,14.331867342928286,14.331867342928305,14.45396893601798
0,1985-11-29,14.502971758605819,14.50297175860584,14.624252179764419
0,1985-12-31,14.418564558263352,14.418564558263371,14.537967959654722
0,1986-01-31,13.888096356691822,13.88809635669184,14.00347153847152
0,1986-02-28,13.458574523876113,13.45857452387613,13.573686855196463
0,1986-03-31,13.492148868702,13.49214886870202,13.604478845037546
0,1986-04-30,14.06751841877377,14.067518418773787,14.178046249490386
0,1986-05-30,14.549575732610458,14.54957573261048,14.669155421897521
0,1986-06-30,15.068504903922939,15.06850490392296,15.189325275637918
0,1986-07-31,14.707113518281105,14.70711351828112,14.822849389262053
0,1986-08-29,13.915122170555268,13.915122170555282,14.033001307061381
0,1986-09-30,13.841932225202399,13.84193222520242,13.948002895036769
0,1986-10-31,14.599625086907986,14.599625086908013,14.71701784868269
0,1986-11-28,14.842322304054852,14.842322304054877,14.9611343684548
0,1986-12-31,14.455719631888021,14.455719631888039,14.572162250369775
0,1987-01-30,15.002062418131416,15.002062418131434,15.127244948697784
0,1987-02-27,15.481570526808785,15.481570526808806,15.60933092395346
0,1987-03-31,16.102229008425844,16.102229008425862,16.22957533374028
0,1987-04-30,16.465488930287513,16.46548893028753,16.59485274229163
0,1987-05-29,16.608842340402205,16.608842340402227,16.74227483800825
0,1987-06-30,16.32012115887667,16.320121158876674,16.456513824758936
0,1987-07-31,16.679248219903492,16.6792482199035,16.813904650842282
0,1987-08-31,16.555870107431442,16.555870107431446,16.693912801765517
0,1987-09-30,16.045813434585845,16.04581343458585,16.174410304555693
0,1987-10-30,15.313260817101769,15.31326081710177,15.42457961480773
0,1987-11-30,14.830956761272171,14.830956761272175,14.946881601502106
0,1987-12-31,15.76063756415801,15.760637564158014,15.888088724321507
0,1988-01-29,14.40335202568074,14.403352025680741,14.528381803475238
0,1988-02-29,14.874578125709062,14.874578125709064,14.995206290225433
0,1988-03-31,14.933669279845141,14.933669279845146,15.052474473501384
0,1988-04-29,14.982322331055087,14.982322331055094,15.103045226493027
0,1988-05-31,14.202306615011764,14.202306615011771,14.320467618141127
0,1988-06-30,14.245070116250389,14.245070116250393,14.363890555488302
0,1988-07-29,13.762135673791798,13.762135673791803,13.874569766082203
0,1988-08-31,13.270257079718718,13.270257079718721,13.378428575768181
0,1988-09-30,13.278728175530084,13.278728175530086,13.388309584896977
0,1988-10-31,13.213108609979727,13.213108609979733,13.319800959063965
0,1988-11-30,13.240529992786927,13.240529992786936,13.345901518141043
0,1988-12-30,13.598659560739991,13.598659560740003,13.707600277617715
0,1989-01-31,13.348642260327512,13.348642260327527,13.4608565291963
0,1989-02-28,13.030849900856092,13.030849900856104,13.136473494120107
0,1989-03-31,12.49029743219589,12.490297432195902,12.595672811058073
0,1989-04-28,12.634353785783722,12.63435378578374,12.738238590442574
0,1989-05-31,12.758262430921128,12.758262430921093,12.86339406637455
0,1989-06-30,12.140445087404922,12.140445087404888,12.240162390684516
0,1989-07-31,12.286106604607472,12.286106604607436,12.388607831785064
0,1989-08-31,12.133168267913993,12.133168267913957,12.232635494028195
0,1989-09-29,11.995413209950271,11.995413209950232,12.093343776237015
0,1989-10-31,12.411139851028086,12.411139851028043,12.508222431040506
0,1989-11-30,12.538281544442032,12.53828154444199,12.639097295564005
0,1989-12-29,12.797788963538466,12.797788963538421,12.8994343717562
0,1990-01-31,13.188733223643931,13.188733223643894,13.289152688365736
0,1990-02-28,12.936171182453384,12.93617118245335,13.04268160556753
0,1990-03-30,13.83374457801883,13.833744578018795,13.942990892682975
0,1990-04-30,14.670711109712851,14.670711109712817,14.784566787989572
0,1990-05-31,14.860363031563484,14.860363031563452,14.986103829921419
0,1990-06-29,15.720918105013569,15.720918105013535,15.844585039894236
0,1990-07-31,16.085709313655773,16.08570931365574,16.212086134752816
0,1990-08-31,16.277235455961083,16.27723545596105,16.401338930711525
0,1990-09-28,17.28339889767315,17.283398897673123,17.412583238963794
0,1990-10-31,18.593831091905045,18.593831091905017,18.73539207584837
0,1990-11-30,17.71928442919566,17.719284429195632,17.875718596708435
0,1990-12-31,17.586564116857062,17.586564116857026,17.73214105999301
0,1991-01-31,17.612834952176232,17.612834952176193,17.760345440608734
0,1991-02-28,17.09832389307565,17.098323893075616,17.245069761949956
0,1991-03-28,17.267273928981,17.267273928980966,17.410137549354125
0,1991-04-30,16.589369350751202,16.589369350751156,16.726302891819742
0,1991-05-31,16.35378978431222,16.353789784312173,16.489161252476578
0,1991-06-28,16.36555908185951,16.365559081859473,16.49407968523319
0,1991-07-31,16.381321743756867,16.381321743756835,16.517481173706248
0,1991-08-30,16.329896469996005,16.329896469995962,16.465182709308245
0,1991-09-30,15.981573770478432,15.98157377047839,16.11117166281914
0,1991-10-31,16.16649882939654,16.16649882939649,16.2989546776026
0,1991-11-29,16.868620781663317,16.868620781663274,17.00027855540601
0,1991-12-31,17.258157400880297,17.258157400880254,17.405280620470748
0,1992-01-31,16.858581369812832,16.858581369812793,16.996828459537532
0,1992-02-28,16.227787114218973,16.227787114218927,16.362199697784952
0,1992-03-31,15.53519755725421,15.535197557254165,15.660837668393235
0,1992-04-30,14.85292147974782,14.852921479747794,14.974924510883731
0,1992-05-29,14.448108389073642,14.448108389073617,14.56695099567374
0,1992-06-30,13.449540803888159,13.449540803888135,13.560865096990643
0,1992-07-31,13.525415588757497,13.525415588757474,13.636053982860261
0,1992-08-31,13.833901558694755,13.833901558694732,13.942500613596707
0,1992-09-30,13.50767201077656,13.507672010776536,13.619434868029636
0,1992-10-30,13.945625353427921,13.945625353427898,14.058770605643822
0,1992-11-30,13.942067947495818,13.9420679474958,14.058405794402784
0,1992-12-31,13.125905600708661,13.125905600708638,13.236170364452049
0,1993-01-29,12.747499234471462,12.74749923447144,12.852512888645553
0,1993-02-26,11.548906906213555,11.548906906213528,11.645452975165211
0,1993-03-31,11.372929435505116,11.372929435505084,11.467283409297245
0,1993-04-30,11.013113308340307,11.013113308340275,11.101685430680373
0,1993-05-28,11.670326596818482,11.670326596818452,11.76364189721068
0,1993-06-30,11.07187672008197,11.07187672008194,11.163685542513509
0,1993-07-30,10.152586267002057,10.152586267002023,10.238097222085827
0,1993-08-31,9.856111922273039,9.856111922273001,9.938680024196444
0,1993-09-30,9.82871605862183,9.82871605862179,9.908867331037191
0,1993-10-29,10.332023798022593,10.332023798022634,10.413575906343365
0,1993-11-30,10.56492763159637,10.564927631596412,10.647991187326198
0,1993-12-31,10.649742103741623,10.64974210374166,10.735940257888586
0,1994-01-31,10.464746496011706,10.464746496011742,10.551213991858967
0,1994-02-28,11.080265137168526,11.080265137168563,11.165968783928983
0,1994-03-31,11.037815523706987,11.037815523707025,11.124757845315262
0,1994-04-29,10.84292694764001,10.84292694764005,10.93138907447991
0,1994-05-31,10.375974040916432,10.375974040916466,10.462206252783023
0,1994-06-30,10.080648223259693,10.080648223259722,10.16122641115065
0,1994-07-29,9.821744783349018,9.821744783349047,9.902683160202338
0,1994-08-31,10.409260633216535,10.409260633216565,10.493572871079595
0,1994-09-30,10.750604185070834,10.750604185070866,10.834981899445575
0,1994-10-31,11.134826174305392,11.134826174305427,11.224047910423353
0,1994-11-30,11.277312560585036,11.277312560585072,11.36617040851991
0,1994-12-30,11.010764845943488,11.010764845943529,11.101104128384481
0,1995-01-31,10.22747570658869,10.227475706588733,10.31431829744443
0,1995-02-28,10.01241872403996,10.012418724040002,10.095948286213073
0,1995-03-31,10.370320157873534,10.370320157873577,10.454047921936418
0,1995-04-28,10.177207253069243,10.177207253069282,10.261046172120974
0,1995-05-31,9.830208218946012,9.830208218946035,9.912421729550108
0,1995-06-30,10.383829725173648,10.383829725173673,10.467595175292622
0,1995-07-31,10.55765119875311,10.557651198753131,10.6444154892768
0,1995-08-31,9.993972966723785,9.993972966723804,10.078599647274704
0,1995-09-29,9.800431013977832,9.800431013977853,9.881847894237657
0,1995-10-31,10.399394759548045,10.39939475954807,10.480621494433285
0,1995-11-30,9.70208896921461,9.702088969214635,9.784327264141755
0,1995-12-29,9.079264901540956,9.07926490154098,9.155316523356284
0,1996-01-31,8.636610514155212,8.636610514155246,8.708909982296117
0,1996-02-29,9.152163362382582,9.15216336238261,9.225047452703024
0,1996-03-29,9.063976195622267,9.063976195622297,9.137208154066464
0,1996-04-30,9.881775048231296,9.88177504823133,9.959852807789632
0,1996-05-31,9.998980732612173,9.998980732612212,10.080369701603914
0,1996-06-28,9.890303840572786,9.890303840572827,9.969806101668965
0,1996-07-31,9.393267178785193,9.393267178785234,9.467926178759706
0,1996-08-30,9.200503106013707,9.20050310601375,9.27716822085447
0,1996-09-30,9.748646532718041,9.748646532718091,9.827884501286093
0,1996-10-31,9.064776488703504,9.064776488703556,9.14079716746965
0,1996-11-29,9.138304617120557,9.138304617120614,9.214212992477172
0,1996-12-31,8.681531152334397,8.681538470564774,8.75324692515073
0,1997-01-31,8.602121997871206,8.602141208225863,8.674069941107875
0,1997-02-28,7.587951549464435,7.587969845041216,7.652613021911295
0,1997-03-31,7.523006553682119,7.523016096120969,7.5817197522727575
0,1997-04-30,7.767350009943862,7.767362816845802,7.830651928768815
0,1997-05-30,8.02821983911254,8.028253685922868,8.095331373221413
0,1997-06-30,7.900515850727057,7.900549697537397,7.966135242187834
0,1997-07-31,7.799373495240411,7.799407342050753,7.8657508417992155
0,1997-08-29,7.70457569392408,7.7046095407344195,7.765833293898799
0,1997-09-30,7.252596741532024,7.25263058834236,7.314579699590466
0,1997-10-31,7.273976270419954,7.2740101172303016,7.331748474891347
0,1997-11-28,7.389374039967067,7.389407886777428,7.449060165796398
0,1997-12-31,6.869196876406335,6.869230723216691,6.926898541644556
0,1998-01-30,7.381980296395669,7.3820141432060336,7.439818777496135
0,1998-02-27,7.473597623676625,7.4736314704870015,7.536236753568093
0,1998-03-31,7.449781588418957,7.449815435229325,7.511702752488235
0,1998-04-30,7.159916677761317,7.159950524571681,7.218923008337901
0,1998-05-29,6.952080294641904,6.952114141452272,7.008084387386478
0,1998-06-30,7.687376773433163,7.687410620243554,7.748579010876462
0,1998-07-31,7.7557737878306545,7.755807634641055,7.817319035541022
0,1998-08-31,7.899537693824879,7.899571540635265,7.956920604130978
0,1998-09-30,8.691944475186531,8.691978321996938,8.761927354739191
0,1998-10-30,8.078985733364899,8.079019580175322,8.148336795970778
0,1998-11-30,8.541058843312353,8.541092690122793,8.6117613406505
0,1998-12-31,9.50504549382731,9.505079340637767,9.581277924003611
0,1999-01-29,10.315374923956668,10.319217412989254,10.400603101475973
0,1999-02-26,9.518314918271333,9.522157407303917,9.59821685970924
0,1999-03-31,9.865013392651907,9.86885588168447,9.948377050160932
0,1999-04-30,8.880557807910536,8.884400296943083,8.95878973988194
0,1999-05-28,8.51815838181561,8.522000870848128,8.589368558318826
0,1999-06-30,9.173007343390637,9.176849832423203,9.24823359615597
0,1999-07-30,8.740861028602014,8.744703517634571,8.813814787323437
0,1999-08-31,9.25878269316352,9.26262518219605,9.333679658016163
0,1999-09-30,9.747275095182713,9.751117584215269,9.824719953330916
0,1999-10-29,9.267845780681577,9.271688269714097,9.349749622111684
0,1999-11-30,10.343812769118369,10.34765525815092,10.427268687653928
0,1999-12-31,10.965726015451978,10.96956850448454,11.058273825090197
0,2000-01-31,10.302117375863315,10.305959864895875,10.388124674899412
0,2000-02-29,10.35475097064645,10.358593459679005,10.445806559682001
0,2000-03-31,11.618666641022596,11.62250913005515,11.708932200119825
0,2000-04-28,11.713494737083519,11.717337226116088,11.805522468391743
0,2000-05-31,10.371159246285776,10.375001735318333,10.46006074364314
0,2000-06-30,10.451111284456916,10.454953773489505,10.542440122002148
0,2000-07-31,10.549295384404958,10.553137873437539,10.634342495325834
0,2000-08-31,10.739849758701958,10.743692247734543,10.831869704417706
0,2000-09-29,10.574982989882194,10.57882547891481,10.66033920386942
0,2000-10-31,10.2488007843145,10.252643273347166,10.332183698492702
0,2000-11-30,9.822153113632584,9.825995602665223,9.89743612593943
0,2000-12-29,9.170460991434533,9.17430348046715,9.249532655815543
0,2001-01-31,9.279875891037559,9.283718380070177,9.356269496242055
0,2001-02-28,8.226784165021527,8.230626654054168,8.292698424427115
0,2001-03-30,7.664254014448716,7.6680965034813315,7.726076655980763
0,2001-04-30,7.889153073834955,7.892995562867582,7.956631797409276
0,2001-05-31,7.563245057675157,7.567087546707766,7.6279696531380745
0,2001-06-29,7.366339002321952,7.370181491354516,7.428185067633038
0,2001-07-31,7.508376442237482,7.512218931270061,7.569087228729841
0,2001-08-31,7.0216069594261254,7.025449448458712,7.079306781608542
0,2001-09-28,6.982226693609329,6.986069182641918,7.037294849632318
0,2001-10-31,7.533664375342632,7.53750686437521,7.595911170325143
0,2001-11-30,7.582553590743573,7.586396079776156,7.64842386957836
0,2001-12-31,7.336310895427627,7.340153384460212,7.398947020761417
0,2002-01-31,7.724907200111239,7.728749689143839,7.787032490259037
0,2002-02-28,7.761282405998089,7.765124895030719,7.824493513438318
0,2002-03-28,7.287213940545756,7.291056429578378,7.3509716520536585
0,2002-04-30,6.745884298021986,6.749726787054598,6.803031896311705
0,2002-05-31,6.63257197389462,6.636414462927248,6.6875219862471535
0,2002-06-28,6.552418059793668,6.5562605488263,6.605379349792092
0,2002-07-31,6.509960437123188,6.5138029261558,6.562249547237675
0,2002-08-30,6.4779790628219285,6.481821551854536,6.532479422183563
0,2002-09-30,6.492425550683926,6.496268039716508,6.544637318483463
0,2002-10-31,6.7408816703327314,6.744724159365338,6.797959114281997
0,2002-11-29,6.380087061594229,6.383929550626799,6.435819714580157
0,2002-12-31,6.280605646570846,6.284448135603419,6.3323396034455115
0,2003-01-31,6.197137403849455,6.200979892882026,6.248741723558767
0,2003-02-28,6.374445250511991,6.37828773954456,6.426151776633333
0,2003-03-31,6.478228321606777,6.484400199904062,6.53375425019601
0,2003-04-30,6.139031146799422,6.145203025096717,6.1951835394351455
0,2003-05-30,5.83551650939032,5.841688387687611,5.888309476397822
0,2003-06-30,6.012523658181385,6.018695536478672,6.064026909907651
0,2003-07-31,5.65351845430861,5.659690332605896,5.704709606520413
0,2003-08-29,5.723360601637024,5.72953247993433,5.772267812865115
0,2003-09-30,5.521719187804702,5.527891066101995,5.570066566684189
0,2003-10-31,5.471237803343898,5.47740968164122,5.519989206911614
0,2003-11-28,5.624949359012542,5.631121237309878,5.672993363000758
0,2003-12-31,5.3482985765594115,5.354470454856743,5.39647246283265
0,2004-01-30,5.194324894528068,5.200496772825383,5.240680842571049
0,2004-02-27,5.099442800914352,5.1056146792116746,5.144570002988871
0,2004-03-31,5.06854204644344,5.074713924740744,5.112301609399947
0,2004-04-30,5.1288328723932715,5.1350047506905865,5.172848900392356
0,2004-05-28,5.134370821946302,5.140552070358159,5.17895268533155
0,2004-06-30,5.113397340692776,5.1195692189901,5.157795989306274
0,2004-07-30,4.977667077342931,4.983838955640262,5.020362933800962
0,2004-08-31,4.86185722741568,4.868029105713008,4.90489753478488
0,2004-09-30,4.811114354485524,4.817286232782847,4.853023654138761
0,2004-10-29,4.826943952400661,4.833115830697988,4.868904556146559
0,2004-11-30,4.694540037796526,4.7007119160938675,4.736767327817502
0,2004-12-31,4.559814324418746,4.56598620271609,4.601059179658739
0,2005-01-31,4.426573027050308,4.432744905347683,4.465507700255792
0,2005-02-28,4.538577961270926,4.544749839568298,4.578017363082859
0,2005-03-31,4.699626379407913,4.7057982577053,4.739336170331857
0,2005-04-29,4.598021272538294,4.604193150835671,4.6382385017953105
0,2005-05-31,4.65316845941025,4.6593403377076426,4.694330370393933
0,2005-06-30,4.646791734906316,4.652963613203712,4.68790356566007
0,2005-07-29,4.670870393384918,4.677042271682329,4.712144705311104
0,2005-08-31,4.470851403457588,4.477023281754986,4.510336653323697
0,2005-09-30,4.228925388389197,4.235097266686573,4.267349722498034
0,2005-10-31,4.181732709348832,4.187904587646223,4.218886692312879
0,2005-11-30,4.148075113328197,4.15424699162559,4.185572980682727
0,2005-12-30,4.108671464343727,4.1148433426411115,4.145043746787913
0,2006-01-31,4.164375524457811,4.170547402755186,4.201281480906784
0,2006-02-28,3.968803376271643,3.9749752545690282,4.0045525297480555
0,2006-03-31,3.991371000464269,3.997542878761643,4.026915385785427
0,2006-04-28,3.9231022939762115,3.9292741722735753,3.95825597139291
0,2006-05-31,3.803414789784443,3.809586668081794,3.8369039596278274
0,2006-06-30,3.893733750995529,3.8999056292929106,3.927929847320535
0,2006-07-31,3.6764021079700884,3.6825739862674833,3.7096690209976346
0,2006-08-31,3.6357292184269063,3.641901096724318,3.668669094534449
0,2006-09-29,3.6996957808103104,3.7058676591076845,3.7329011107732817
0,2006-10-31,3.790640897437082,3.796812775734452,3.8244927329481797
0,2006-11-30,3.6853184257469938,3.69149030404434,3.7188888232835664
0,2006-12-29,3.605562365228296,3.6117342435256803,3.638184701526268
0,2007-01-31,3.747363448790227,3.7535353270876053,3.7804092292350773
0,2007-02-28,3.6931130271878083,3.6992849054851833,3.7259909011043137
0,2007-03-30,3.744335927436586,3.750507805733971,3.777535395874395
0,2007-04-30,3.6723616744496836,3.6785335527470515,3.7058175883501345
0,2007-05-31,3.6317698391833826,3.6379417174807593,3.6647851682254613
0,2007-06-29,3.63683352355196,3.643005401849324,3.668744994373812
0,2007-07-31,3.734844862687789,3.7410167409851653,3.7667845851539434
0,2007-08-31,3.678348428977008,3.68452030727439,3.711590742908326
0,2007-09-28,3.600338483023459,3.6065103613208525,3.6332884530035576
0,2007-10-31,3.691190180681205,3.697362058978545,3.723580091986486
0,2007-11-30,3.701122410940752,3.707294289238071,3.733205025847255
0,2007-12-31,3.6680113805338586,3.6741832588311905,3.7004394945584176
0,2008-01-31,3.6727285147713857,3.678900393068698,3.704655114459422
0,2008-02-29,3.82545198796739,3.831623866264715,3.857828573945519
0,2008-03-31,3.9162616409576216,3.9224335192549566,3.9503146148701562
0,2008-04-30,3.880367959572207,3.8865398378695195,3.915270573728843
0,2008-05-30,4.23022231293053,4.23639419122785,4.265715941223733
0,2008-06-30,4.601449693979638,4.607621572276936,4.637959632367535
0,2008-07-31,4.375883735333587,4.3820556136308975,4.41570024817716
0,2008-08-29,4.4973991361132795,4.503571014410605,4.536570878298164
0,2008-09-30,4.769435220206842,4.775607098504132,4.80794621606095
0,2008-10-31,5.454688664305143,5.460860542602408,5.494139232365674
0,2008-11-28,6.05033373002964,6.0565056083268995,6.09663339183846
0,2008-12-31,5.810826227787865,5.816998106085121,5.862768119181093
0,2009-01-30,6.587032789328337,6.590875278360907,6.6358001227394805
0,2009-02-27,7.896808179468195,7.900650668500743,7.952974431239235
0,2009-03-31,7.635335882704859,7.639178371737424,7.7037185282593095
0,2009-04-30,6.972059016122414,6.9759015051550195,7.037043536498379
0,2009-05-29,6.405801187210528,6.409643676243116,6.463182891546775
0,2009-06-30,7.049925658746383,7.053768147778968,7.106098657103269
0,2009-07-31,6.51199527190976,6.515837760942354,6.570722992256382
0,2009-08-31,5.802809567286516,5.806652056319131,5.8563839652831255
0,2009-09-30,5.919118903457591,5.922961392490234,5.969266919034753
0,2009-10-30,6.3969351887281025,6.400777677760747,6.4478283317852085
0,2009-11-30,6.478834192645903,6.483524663751124,6.534082897829994
0,2009-12-31,6.575230208197109,6.5799206793023135,6.630274410545607
0,2010-01-29,6.455071920840426,6.459762391945625,6.509438089852587
0,2010-02-26,6.421779082517375,6.426469553622566,6.476976797232126
0,2010-03-31,6.082768278810713,6.087458749915916,6.1376349035454725
0,2010-04-30,5.922088171274507,5.926778642379697,5.973502114107357
0,2010-05-28,5.981643522923414,5.986333994028585,6.029852990255012
0,2010-06-30,6.002160897240815,6.006851368345945,6.05088860892994
0,2010-07-30,5.94234186623109,5.947032337336232,5.994566919724585
0,2010-08-31,6.216842290593973,6.221532761699105,6.266785108836082
0,2010-09-30,6.451213621520306,6.455904092625489,6.507284308422056
0,2010-10-29,6.4416912887488325,6.446381759854019,6.496678083874279
0,2010-11-30,6.635497022322905,6.640187493428099,6.691023384527477
0,2010-12-31,5.848829445995338,5.853519917100563,5.903806895308973
0,2011-01-31,5.599173069651821,5.6038635407570565,5.647835468978046
0,2011-02-28,5.676613203687572,5.681303674792829,5.725133771134839
0,2011-03-31,5.886888599837306,5.89157907094254,5.935884709232447
0,2011-04-29,6.094035639848286,6.098726110953538,6.145433955963769
0,2011-05-31,6.458156288154383,6.462855108141554,6.510755166296761
0,2011-06-30,6.551749182284791,6.556447098672464,6.606150965826384
0,2011-07-29,6.637474198278106,6.642171982891699,6.691930516318081
0,2011-08-31,7.221263986238423,7.2259593800807345,7.2770177686577036
0,2011-09-30,7.689494260105488,7.69418939981148,7.749044335053738
0,2011-10-31,7.124337689988337,7.12903255673058,7.190162222539763
0,2011-11-30,7.402533418808895,7.40722859616444,7.462786920272665
0,2011-12-30,7.3634514990878825,7.3681462340558905,7.4253268246467465
0,2012-01-31,6.692046954781823,6.692931983915678,6.751751136500143
0,2012-02-29,6.437614504746293,6.438500220993185,6.492705309121028
0,2012-03-30,6.305434760358579,6.306319761256671,6.35847681472656
0,2012-04-30,6.46346540968258,6.464347238565682,6.515006648862336
0,2012-05-31,6.741762586177385,6.742644415060454,6.792909023709058
0,2012-06-29,6.4916720331982685,6.49255386208133,6.546453210169783
0,2012-07-31,6.352005764749742,6.352887593632858,6.404002593894326
0,2012-08-31,6.114082508482214,6.114964337365325,6.165907016942889
0,2012-09-28,5.934895102685012,5.935776931568129,5.984530232842898
0,2012-10-31,5.418342483442503,5.419224312325611,5.46459441541286
0,2012-11-30,5.589076843593706,5.589958672476807,5.633966628720396
0,2012-12-31,5.292016762364332,5.2928985912474555,5.336957124485691
0,2013-01-31,5.11087471034249,5.111756539225635,5.154815178278692
0,2013-02-28,5.125876615481371,5.126758444364525,5.167662968262778
0,2013-03-28,5.079745381006703,5.080627209889913,5.1223545717089545
0,2013-04-30,5.036142032872606,5.03702386175583,5.078011603467003
0,2013-05-31,4.729928854176601,4.7308106830598105,4.770840481774108
0,2013-06-28,4.760974202477865,4.761856031361043,4.799518902885675
0,2013-07-31,4.6286543016914745,4.6295361305747,4.668382686990423
0,2013-08-30,4.729403559266735,4.7302853881499445,4.767015611827928
0,2013-09-30,4.826600767003243,4.827482595886501,4.866564999201065
0,2013-10-31,4.832015883724018,4.832897712607318,4.871940883987665
0,2013-11-29,4.6335904487450925,4.634472277628394,4.673018052281186
0,2013-12-31,4.510889913863191,4.511771742746002,4.548418151744608
0,2014-01-31,4.461530949651578,4.462412778534389,4.497328064357559
0,2014-02-28,4.566371092779877,4.567252921662688,4.604221487298368
0,2014-03-31,4.434033847565486,4.434915676448296,4.47039338529955
0,2014-04-30,4.409830675237481,4.410712504120292,4.445464570491078
0,2014-05-30,4.428053382785518,4.428935211668329,4.464277271882644
0,2014-06-30,4.280469228723363,4.281351057606173,4.3167183702629845
0,2014-07-31,4.243036631811606,4.243911327550311,4.277386490233531
0,2014-08-29,4.140958994798526,4.141829748005686,4.176198154516914
0,2014-09-30,4.152232814727148,4.153105335977638,4.185850386831161
0,2014-10-31,4.176729793158004,4.177603838579825,4.211366537669768
0,2014-11-28,4.277642497514847,4.278518107754796,4.312607058110668
0,2014-12-31,4.236023467874235,4.236898529412231,4.271107026849078
0,2015-01-30,4.451936914154479,4.452811975692481,4.486502666869761
0,2015-02-27,4.3258876643821775,4.326762156894753,4.363217081574755
0,2015-03-31,4.255924135894277,4.25595135761739,4.290543826358773
0,2015-04-30,4.190765665147312,4.190792134942913,4.224926144327936
0,2015-05-29,3.9647674009884466,3.964792753055674,3.998080925485299
0,2015-06-30,3.9514497921395275,3.9514775015998764,3.9835831361188543
0,2015-07-31,3.988538319558978,3.9885721663692184,4.021038442759383
0,2015-08-31,4.100369575044034,4.100403421854277,4.131816590909921
0,2015-09-30,4.305620373215986,4.305654220026233,4.338674909104116
0,2015-10-30,4.274975575950928,4.27500942276117,4.310878619538109
0,2015-11-30,4.143098893573859,4.143132740384099,4.177481032208519
0,2015-12-31,4.306626234691235,4.306660081501479,4.340183142760793
0,2016-01-29,4.652457031530483,4.652490878340734,4.6864890743046725
0,2016-02-29,4.857018444045387,4.857052290855638,4.894953817786078
0,2016-03-31,4.7624478294407515,4.762481676251002,4.802468882856999
0,2016-04-29,4.521977753985542,4.522003509033533,4.560020134630784
0,2016-05-31,4.405935450811288,4.405952963323217,4.442336523256209
0,2016-06-30,4.602491687304644,4.602508244880829,4.638351770664042
0,2016-07-29,4.5607784267143545,4.560798452182395,4.598616519156442
0,2016-08-31,4.311108360250444,4.311131250509544,4.347238269507564
0,2016-09-30,4.079960109449511,4.079980335962852,4.114231785411139
0,2016-10-31,4.080647629655029,4.080681476465272,4.112774637990762
0,2016-11-30,3.5645925991185785,3.5646264459288113,3.596790381099563
0,2016-12-30,3.507722799955421,3.507756646765652,3.5362918492933426
0,2017-01-31,3.5724869169261986,3.5725294217075927,3.601252563182941
0,2017-02-28,3.660983657149346,3.6610271414384914,3.690392440764347
0,2017-03-31,3.730349006542525,3.730382853352756,3.7601649200036897
0,2017-04-28,3.886802111883339,3.8868359586935703,3.917514811516564
0,2017-05-31,4.000611904980557,4.000645751790791,4.032286191625886
0,2017-06-30,3.6685502478556757,3.668584094665906,3.7000030734322795
0,2017-07-31,3.520443144322804,3.5204769911330307,3.549682331900984
0,2017-08-31,3.486034121551211,3.48606796836144,3.5141511174870614
0,2017-09-29,3.3124614347844603,3.312495281594687,3.3405167466743553
0,2017-10-31,3.408472849549515,3.408506696359739,3.43596473303597
0,2017-11-30,3.495325550137464,3.495359396947689,3.5238396316127707
0,2017-12-29,3.491557813964465,3.4915916607746906,3.5200040436015194
0,2018-01-31,3.644202024180941,3.644235870991161,3.674083800186066
0,2018-02-28,3.7619179261065554,3.761951772916781,3.791236475837655
0,2018-03-29,3.7325509363345866,3.732584783144815,3.7625543044633765
0,2018-04-30,3.7666137285027554,3.766647575312983,3.7971961599849586
0,2018-05-31,3.8093111701877187,3.8093450169979497,3.840425081366564
0,2018-06-29,4.00083741318978,4.000871260000013,4.032523038405109
0,2018-07-31,3.99060621058107,3.9906400573913,4.023232352328855
0,2018-08-31,4.2196030636098065,4.219636910420037,4.253751579669473
0,2018-09-28,4.3058510828096335,4.305884929619863,4.340118652010039
0,2018-10-31,4.364402341433766,4.3644361882439995,4.396670826765575
0,2018-11-30,4.392465598686433,4.392499445496666,4.428111168743627
0,2018-12-31,4.497750509793489,4.49778435660373,4.531879780299709
0,2019-01-31,4.253816316531271,4.253850163341505,4.291480703491509
0,2019-02-28,4.2548061592057245,4.254840006015959,4.289413722345562
0,2019-03-29,4.4256647696746745,4.425698616484909,4.460821157690811
0,2019-04-30,4.5307934370234495,4.530827283833679,4.567534990787213
0,2019-05-31,4.379148561354272,4.379182408164545,4.414060292201954
0,2019-06-28,4.3472645630871405,4.347298409897414,4.383734496505408
0,2019-07-31,4.51672303494409,4.516756881754363,4.552133887033325
0,2019-08-30,4.628253575524761,4.628287422335035,4.664356228414247
0,2019-09-30,4.74599110904666,4.746024955856933,4.783379254200162
0,2019-10-31,4.486162892760817,4.486196739571088,4.524229480601491
0,2019-11-29,4.030326444352154,4.030377284056827,4.066119976874283
0,2019-12-31,3.754651596215756,3.7547037395765575,3.786889585584122
0,2020-01-31,3.994128337121313,3.9941684670299695,4.025320199416818
0,2020-02-28,3.8837390557452434,3.8837904060917046,3.914833988122623
0,2020-03-31,4.157395504642267,4.1574293514525404,4.188163507956644
0,2020-04-30,4.142558323745592,4.1426147655432235,4.179336557761891
0,2020-05-29,3.856757917642514,3.8568209671460854,3.8908454679323654
0,2020-06-30,3.78291058827609,3.7829649164280044,3.814633631136157
0,2020-07-31,4.155453588013099,4.155509095857026,4.188332444513164
0,2020-08-31,4.521003819893508,4.521058243549456,4.556808482664875
0,2020-09-30,4.262985523039927,4.263047508482552,4.298078702585219
0,2020-10-30,4.1838488612228515,4.183893957186717,4.217696976368781
0,2020-11-30,3.258909122668263,3.258965590886651,3.292179906590314
0,2020-12-31,3.3279052563678633,3.327947747357034,3.3546941709679294
0,2021-01-29,2.7896681222885986,2.7897169677231695,2.815231451080204
0,2021-02-26,2.81357069329304,2.813610266779654,2.8360938422942605
0,2021-03-31,3.0905300691571194,3.090576829782212,3.1140048069333925
0,2021-04-30,3.1734211298267097,3.1734549766369824,3.199423494381212
0,2021-05-28,3.205002548996044,3.2050557648214113,3.2302864141300214
0,2021-06-30,3.116624393750832,3.116676311282699,3.1430199247672563
0,2021-07-30,3.2262974952920893,3.2263394911345284,3.251661998216914
0,2021-08-31,3.1666615930056055,3.166704983259039,3.1928558397046154
0,2021-09-30,2.9481781339076143,2.948229248998746,2.972574462936831
0,2021-10-29,3.230700609422477,3.23074433686796,3.2557883368002885
0,2021-11-30,3.346123675537508,3.346167163640026,3.3724051617865367
0,2021-12-31,3.4889522916634856,3.48899494171353,3.5160880775062733
0,2022-01-31,3.4383310112984273,3.4383648581087014,3.4647919253998807
0,2022-02-28,3.280301987517854,3.2803423984367712,3.3073313415381422
0,2022-03-31,3.226714965427659,3.2267567516382805,3.253293493542749
0,2022-04-29,3.221482978753909,3.2215324320919563,3.2458254319460966
0,2022-05-31,3.049619319569296,3.0496712751956663,3.0747468557916116
0,2022-06-30,3.0802662099386735,3.080300056748948,3.1037979867596865
0,2022-07-29,3.1209716002190953,3.1210054470293684,3.1476666626425436
0,2022-08-31,2.9293640350458716,2.929397881856146,2.953567369905947
0,2022-09-30,3.0261874406153373,3.026221287425612,3.0489138778472338
0,2022-10-31,2.587903907036143,2.5879377538464174,2.6117630315941196
0,2022-11-30,2.521166289711056,2.52120013652133,2.5423078093335665
0,2022-12-30,2.429336590181145,2.4293978913001992,3.0650559527112264e-05
