date,mkt_rf,smb,hml,rf,mkt_index,rf_index,mkt_rf_index
19260701,0.0296,-0.0256,-0.0243,0.0022,1.0318,1.0022,1.0296
19260801,0.0264,-0.0117,0.0382,0.0025,1.06161902,1.0047055,1.05678144
19260901,0.0036,-0.014,0.0013,0.0023,1.067882572,1.007016323,1.060585853
19261001,-0.0324,-0.0009,0.007,0.0032,1.036700401,1.010238775,1.026222872
19261101,0.0253,-0.001,-0.0051,0.0031,1.066142693,1.013370515,1.05218631
19261201,0.0262,-0.0003,-0.0005,0.0028,1.097060831,1.016207953,1.079753592
19270101,-0.0006,-0.0037,0.0454,0.0025,1.099145246,1.018748472,1.079105739
19270201,0.0418,0.0004,0.0294,0.0026,1.147947295,1.021397218,1.124212359
19270301,0.0013,-0.0165,-0.0261,0.003,1.152883468,1.02446141,1.125673835
19270401,0.0046,0.003,0.0081,0.0025,1.161068941,1.027022564,1.130851935
19270501,0.0544,0.0153,0.0473,0.003,1.227714298,1.030103631,1.19237028
19270601,-0.0234,0.0059,-0.0173,0.0026,1.202177841,1.032781901,1.164468816
19270701,0.0726,-0.0325,-0.0114,0.003,1.293062486,1.035880246,1.249009252
19270801,0.0197,-0.0069,-0.0374,0.0028,1.322156392,1.038780711,1.273614734
19270901,0.0476,-0.0363,-0.0063,0.0021,1.387867564,1.040962151,1.334238795
19271001,-0.0431,0.0212,-0.0433,0.0025,1.331520141,1.043564556,1.276733103
19271101,0.0658,0.0272,-0.0027,0.0021,1.421930359,1.045756042,1.360742141
19271201,0.0209,0.0097,-0.0113,0.0022,1.45477695,1.048056705,1.389181652
19280101,-0.0068,0.0426,-0.0075,0.0025,1.448521409,1.050676847,1.379735217
19280201,-0.017,-0.0206,-0.0065,0.0033,1.428676666,1.05414408,1.356279718
19280301,0.0881,-0.0026,-0.0122,0.0029,1.558686242,1.057201098,1.475767961
19280401,0.0423,0.0398,0.0344,0.0022,1.62804778,1.05952694,1.538192946
19280501,0.0152,0.0285,-0.0327,0.0032,1.658003859,1.062917427,1.561573479
19280601,-0.0485,-0.0352,-0.0003,0.0031,1.582730484,1.066212471,1.485837165
19280701,0.0062,-0.0132,-0.005,0.0032,1.597608151,1.069624351,1.495049356
19280801,0.0668,-0.0206,-0.0215,0.0032,1.709440721,1.073047149,1.594918653
19280901,0.0288,0.0241,0.0086,0.0027,1.763288104,1.075944376,1.64085231
19281001,0.0133,0.0222,-0.0216,0.0041,1.793969317,1.080355748,1.662675646
19281101,0.1181,-0.0178,0.027,0.0038,2.012654177,1.0844611,1.859037639
19281201,0.0036,-0.0086,-0.0065,0.0006,2.021107324,1.085111776,1.865730175
19290101,0.0466,-0.0356,-0.0124,0.0034,2.12216269,1.088801156,1.952673201
19290201,-0.0034,-0.0038,0.0166,0.0036,2.122587123,1.09272084,1.946034112
19290301,-0.0089,-0.0471,0.0158,0.0034,2.110912894,1.096436091,1.928714408
19290401,0.0143,-0.0097,0.0059,0.0036,2.148698235,1.100383261,1.956295024
19290501,-0.0639,-0.0537,-0.0142,0.0044,2.02085069,1.105224948,1.831287772
19290601,0.097,-0.0217,-0.0279,0.0052,2.22738163,1.110972117,2.008922686
19290701,0.0446,-0.0388,0.0271,0.0033,2.33407321,1.114638325,2.098520638
19290801,0.0818,-0.0959,0.0013,0.004,2.534336692,1.119096879,2.270179626
19290901,-0.0547,0.0119,-0.0065,0.0035,2.404578653,1.123013718,2.146000801
19291001,-0.2012,-0.0401,0.0778,0.0046,1.93183849,1.128179581,1.71422544
19291101,-0.1274,-0.0172,0.0505,0.0037,1.692870069,1.132353845,1.495833119
19291201,0.0133,-0.045,-0.0054,0.0037,1.72164886,1.136543554,1.515727699
19300101,0.0561,0.0355,-0.0096,0.0014,1.820643669,1.138134715,1.600760023
19300201,0.025,0.0019,0.002,0.003,1.871621692,1.14154912,1.640779024
19300301,0.071,0.0341,0.0033,0.0035,2.011057508,1.145544542,1.757274334
19300401,-0.0206,-0.0035,-0.0035,0.0021,1.973852944,1.147950185,1.721074483
19300501,-0.0166,-0.0201,-0.0073,0.0026,1.946219003,1.150934856,1.692504647
19300601,-0.1627,-0.0338,0.0233,0.0027,1.634823962,1.15404238,1.417134141
19300701,0.0412,-0.0028,-0.0175,0.002,1.705448358,1.156350464,1.475520067
19300801,0.003,-0.021,-0.0061,0.0009,1.712099606,1.15739118,1.479946627
19300901,-0.1275,-0.0221,-0.0496,0.0022,1.497573526,1.15993744,1.291253432
19301001,-0.0878,-0.0012,-0.0138,0.0009,1.367434386,1.160981384,1.177881381
19301101,-0.0304,0.0223,-0.0366,0.0013,1.327642046,1.16249066,1.142073787
19301201,-0.0783,-0.046,-0.0525,0.0014,1.225546372,1.164118147,1.05264941
19310101,0.0624,0.0345,0.0712,0.0015,1.303858785,1.165864324,1.118334733
19310201,0.1088,0.0359,0.0192,0.0004,1.446240165,1.16633067,1.240009552
19310301,-0.0643,0.0298,-0.0344,0.0013,1.355127034,1.1678469,1.160276937
19310401,-0.0998,-0.0445,-0.0382,0.0008,1.220969458,1.168781177,1.044481299
19310501,-0.1324,0.0535,-0.0657,0.0009,1.060411974,1.16983308,0.906191975
19310601,0.139,-0.0532,0.1129,0.0008,1.208657568,1.170768947,1.03215266
19310701,-0.0662,0.0142,-0.0211,0.0006,1.129369632,1.171471408,0.963824154
19310801,0.0041,-0.0195,-0.0147,0.0003,1.134338858,1.17182285,0.967775833
19310901,-0.2913,0.0054,-0.0677,0.0003,0.80424625,1.172174396,0.685862733
19311001,0.0804,-0.0187,0.017,0.001,0.869711895,1.173346571,0.741006096
19311101,-0.0908,0.0431,-0.0504,0.0017,0.792220565,1.17534126,0.673722743
19311201,-0.1353,-0.0055,-0.0885,0.0012,0.685983788,1.176751669,0.582568056
19320101,-0.0158,0.0393,0.0903,0.0023,0.676723006,1.179458198,0.57336348
19320201,0.0546,-0.0278,-0.0146,0.0023,0.715228546,1.182170952,0.604669126
19320301,-0.1121,0.0227,-0.0232,0.0016,0.636195791,1.184062426,0.536885717
19320401,-0.1796,0.0145,0.0143,0.0011,0.522634842,1.185364894,0.440461042
19320501,-0.2051,0.0391,-0.0298,0.0006,0.415756017,1.186076113,0.350122483
19320601,-0.007,0.0033,0.053,0.0002,0.412928876,1.186313328,0.347671625
19320701,0.3384,-0.0459,0.3561,0.0003,0.552787887,1.186669222,0.465323703
19320801,0.3706,0.1341,0.3424,0.0003,0.757816914,1.187025223,0.637772668
19320901,-0.0294,-0.0208,-0.0736,0.0003,0.735764442,1.187381331,0.619022151
19321001,-0.1317,-0.0256,-0.1033,0.0002,0.639011418,1.187618807,0.537496934
19321101,-0.0588,0.02,-0.1311,0.0002,0.601565349,1.187856331,0.505892114
19321201,0.044,-0.0864,-0.0772,0.0001,0.62809438,1.187975116,0.528151367
19330101,0.0125,0.0063,0.0636,0.0001,0.63600837,1.188093914,0.534753259
19330201,-0.1524,-0.0258,-0.0295,-0.0003,0.538889892,1.187737486,0.453256863
19330301,0.0329,0.0379,0.0754,0.0004,0.556834925,1.188212581,0.468169013
19330401,0.3885,0.0307,0.1965,0.001,0.773722128,1.189400793,0.650052675
19330501,0.2143,0.3656,0.1919,0.0004,0.939840269,1.189876554,0.789358963
19330601,0.1311,0.0842,-0.0178,0.0002,1.063241296,1.190114529,0.892843924
19330701,-0.0963,-0.0105,0.0327,0.0002,0.961063808,1.190352552,0.806863054
19330801,0.1205,-0.0539,0.03,0.0003,1.077160316,1.190709658,0.904090052
19330901,-0.1065,-0.004,-0.1174,0.0002,0.962658174,1.1909478,0.807804461
19331001,-0.0836,-0.002,-0.0857,0.0001,0.882276217,1.191066894,0.740272008
19331101,0.0997,-0.0647,0.0232,0.0002,0.970415611,1.191305108,0.814077127
19331201,0.0183,0.0063,-0.0156,0.0002,0.9883683,1.191543369,0.828974739
19340101,0.126,0.1269,0.1559,0.0005,1.113396889,1.19213914,0.933425556
19340201,-0.025,0.051,0.02,0.0002,1.085784647,1.192377568,0.910089917
19340301,0.0009,0.0251,-0.027,0.0002,1.08697901,1.192616044,0.910908998
19340401,-0.0179,0.0273,-0.0373,0.0001,1.067630783,1.192735305,0.894603727
19340501,-0.0725,-0.0029,-0.0589,0.0001,0.990334315,1.192854579,0.829744957
19340601,0.0264,-0.0223,-0.0296,0.0001,1.016578174,1.192973864,0.851650224
19340701,-0.1096,-0.0695,-0.107,0.0001,0.905262864,1.193093162,0.758309359
19340801,0.0558,0.0537,0.0009,0.0001,0.955867058,1.193212471,0.800623021
19340901,-0.0023,-0.0152,-0.012,0.0001,0.95376415,1.193331792,0.798781588
19341001,-0.0166,0.0124,-0.0508,0.0001,0.938027042,1.193451126,0.785521814
19341101,0.0833,0.0648,-0.0215,0.0001,1.016258497,1.193570471,0.850955781
19341201,0.0036,0.0306,-0.0314,0.0001,1.020018654,1.193689828,0.854019222
19350101,-0.0345,0.0107,-0.019,0.0001,0.984930012,1.193809197,0.824555559
19350201,-0.0194,0.0037,-0.0744,0.0002,0.966019356,1.194047959,0.808559181
19350301,-0.0368,-0.0359,-0.0512,0.0001,0.930566445,1.194167363,0.778804203
19350401,0.0906,-0.0147,0.0447,0.0001,1.014968822,1.19428678,0.849363864
19350501,0.0347,-0.0334,0.0265,0.0001,1.050289737,1.194406209,0.87883679
19350601,0.0593,-0.0257,-0.0169,0.0001,1.112676947,1.194525649,0.930951812
19350701,0.0751,0.0188,0.0693,0.0001,1.196350254,1.194645102,1.000866293
19350801,0.0265,0.062,0.0608,0.0001,1.228173171,1.194764566,1.027389249
19350901,0.0263,0.0153,-0.0407,0.0001,1.260596942,1.194884043,1.054409587
19351001,0.0703,0.0272,-0.0237,0.0001,1.349342967,1.195003531,1.128534581
19351101,0.0488,0.0454,0.1206,0.0002,1.415460773,1.195242532,1.183607068
19351201,0.0456,0.0017,0.0095,0.0001,1.48014733,1.195362056,1.23757955
19360101,0.0689,0.0523,0.1034,0.0001,1.582277496,1.195481592,1.322848781
19360201,0.0249,0.0095,0.0451,0.0001,1.621834433,1.195601141,1.355787716
19360301,0.0099,0.0069,-0.0144,0.0002,1.638214961,1.195840261,1.369210014
19360401,-0.0814,-0.0606,-0.0215,0.0002,1.505191906,1.196079429,1.257756319
19360501,0.0519,0.0091,0.0261,0.0002,1.583612404,1.196318645,1.323033872
19360601,0.024,-0.032,-0.012,0.0003,1.622094186,1.19667754,1.354786685
19360701,0.0667,0.01,0.024,0.0001,1.730450077,1.196797208,1.445150957
19360801,0.0099,0.006,0.0382,0.0002,1.747927623,1.197036568,1.459457952
19360901,0.0098,0.0308,0.009,0.0001,1.765232107,1.197156271,1.473760639
19361001,0.0712,-0.0243,0.0247,0.0002,1.891269679,1.197395702,1.578692397
19361101,0.0327,0.0877,-0.0121,0.0001,1.953303324,1.197515442,1.630315638
19361201,0.0021,0.0396,0.043,0,1.957405261,1.197515442,1.633739301
19370101,0.0335,0.0434,0.0261,0.0001,2.023174078,1.197635194,1.688469568
19370201,0.0109,0.0105,0.0483,0.0002,2.04563131,1.197874721,1.706873886
19370301,-0.0027,-0.0169,0.065,0.0001,2.040312669,1.197994508,1.702265327
19370401,-0.0736,-0.0383,-0.0366,0.0003,1.89075775,1.198353906,1.576978599
19370501,-0.0083,-0.0068,-0.0348,0.0006,1.876198916,1.199072919,1.563889676
19370601,-0.0421,-0.0376,-0.0333,0.0003,1.797773801,1.199432641,1.498049921
19370701,0.0891,0.0089,0.0081,0.0003,1.958494779,1.19979247,1.631526169
19370801,-0.0486,0.0044,-0.0225,0.0002,1.863703632,1.200032429,1.552233997
19370901,-0.1361,-0.0698,-0.0457,0.0004,1.610799049,1.200512442,1.34097495
19371001,-0.0961,0.0041,-0.0155,0.0002,1.45632342,1.200752544,1.212107257
19371101,-0.0831,-0.036,0.0015,0.0002,1.335594208,1.200992695,1.111381144
19371201,-0.0424,-0.0774,-0.004,0,1.278965014,1.200992695,1.064258584
19380101,0.0049,0.0484,-0.0161,0,1.285231943,1.200992695,1.069473451
19380201,0.0584,0.004,-0.0202,0,1.360289488,1.200992695,1.1319307
19380301,-0.2382,-0.0434,-0.0354,-0.0001,1.036132503,1.200872596,0.862304807
19380401,0.1451,0.0646,0.0023,0.0001,1.186578942,1.200992683,0.987425235
19380501,-0.0383,-0.0251,-0.0027,0,1.141132969,1.200992683,0.949606849
19380601,0.2387,0.043,0.0032,0,1.413521409,1.200992683,1.176278003
19380701,0.0734,0.0664,0.022,-0.0001,1.517132528,1.200872584,1.262616809
19380801,-0.0267,-0.0245,-0.0472,0,1.476625089,1.200872584,1.22890494
19380901,0.0081,-0.0273,-0.0162,0.0002,1.488881078,1.201112758,1.23885907
19381001,0.078,0.0581,0.0503,0.0001,1.60516269,1.201232869,1.335490077
19381101,-0.0172,-0.0257,-0.0122,-0.0006,1.576590794,1.20051213,1.312519648
19381201,0.0419,-0.0182,0.0053,0,1.642649948,1.20051213,1.367514221
19390101,-0.0596,-0.0155,-0.0394,-0.0001,1.544583746,1.200392079,1.286010374
19390201,0.0351,0.0063,0.0295,0.0001,1.598953094,1.200512118,1.331149338
19390301,-0.1199,-0.0475,-0.0831,-0.0001,1.407078723,1.200392067,1.171544532
19390401,-0.0018,0.0167,-0.003,0,1.404545981,1.200392067,1.169435752
19390501,0.068,0.028,0.0049,0.0001,1.500195562,1.200512106,1.248957383
19390601,-0.0531,-0.0101,-0.0542,0.0001,1.420685198,1.200632157,1.182637746
19390701,0.1024,0.0432,-0.0003,0,1.566163362,1.200632157,1.303739851
19390801,-0.0668,-0.0461,-0.0242,-0.0001,1.461387033,1.200512094,1.216650029
19390901,0.1688,0.2024,0.2222,0.0001,1.708215303,1.200632145,1.422020554
19391001,-0.0053,-0.0001,-0.0489,0,1.699161762,1.200632145,1.414483845
19391101,-0.0362,-0.0507,-0.0646,0,1.637652106,1.200632145,1.36327953
19391201,0.0303,0.0079,-0.0406,0,1.687272965,1.200632145,1.4045869
19400101,-0.0241,0.0021,-0.0081,0,1.646609686,1.200632145,1.370736356
19400201,0.0144,0.0251,-0.0033,0,1.670320866,1.200632145,1.390474959
19400301,0.0205,0.0125,-0.0127,0,1.704562444,1.200632145,1.418979696
19400401,0.0022,0.0392,-0.0013,0,1.708312481,1.200632145,1.422101451
19400501,-0.2195,-0.0666,-0.0369,-0.0002,1.332996229,1.200392018,1.109950183
19400601,0.0667,-0.0213,0.0462,0,1.421907077,1.200392018,1.18398386
19400701,0.0316,0.0101,-0.0074,0.0001,1.466981532,1.200512058,1.22139775
19400801,0.0219,-0.0011,0.0056,-0.0001,1.498961729,1.200392006,1.24814636
19400901,0.0239,0.0322,-0.0113,0,1.534786914,1.200392006,1.277977058
19401001,0.0302,0.0028,0.0464,0,1.581137479,1.200392006,1.316571966
19401101,-0.0161,0.0194,0.0012,0,1.555681166,1.200392006,1.295375157
19401201,0.0069,-0.0215,-0.0089,0,1.566415366,1.200392006,1.304313246
19410101,-0.0417,0.01,0.0383,-0.0001,1.500939204,1.200271967,1.249923383
19410201,-0.0143,-0.0156,0.0089,-0.0001,1.479325679,1.20015194,1.232049479
19410301,0.0084,0.001,0.0304,0.0001,1.491899947,1.200271955,1.242398694
19410401,-0.0546,-0.0168,0.0341,-0.0001,1.41029302,1.200151928,1.174563726
19410501,0.0139,-0.0065,0.006,0,1.429896093,1.200151928,1.190890162
19410601,0.0583,0.0132,0.0059,0,1.513259035,1.200151928,1.260319058
19410701,0.0587,0.0571,0.0725,0.0003,1.602541319,1.200511974,1.334299787
19410801,-0.0017,-0.0042,-0.011,0.0001,1.599977252,1.200632025,1.332031477
19410901,-0.0087,-0.0099,-0.0028,0.0001,1.586217448,1.200752088,1.320442803
19411001,-0.0525,-0.0202,0.0163,0,1.502941032,1.200752088,1.251119556
19411101,-0.0192,-0.0121,-0.0064,0,1.474084564,1.200752088,1.227098061
19411201,-0.0487,-0.0299,-0.0594,0.0001,1.402444054,1.200872163,1.167338385
19420101,0.0079,0.0753,0.101,0.0002,1.413803851,1.201112338,1.176560358
19420201,-0.0246,0.0172,-0.0113,0.0001,1.379165657,1.201232449,1.147616973
19420301,-0.0658,0.0177,-0.0062,0.0001,1.288554473,1.201352572,1.072103777
19420401,-0.0437,-0.006,0.0209,0.0001,1.232373498,1.201472707,1.025252842
19420501,0.0594,-0.0305,-0.0265,0.0003,1.305946196,1.201833149,1.08615286
19420601,0.0269,-0.0122,0.0054,0.0002,1.341337338,1.202073516,1.115370372
19420701,0.0351,-0.0015,0.024,0.0003,1.38882068,1.202434138,1.154519872
19420801,0.018,-0.0009,0.0135,0.0003,1.414236098,1.202794868,1.17530123
19420901,0.0261,0.0063,0.0235,0.0003,1.451571931,1.203155707,1.205976592
19421001,0.0682,0.0175,0.0639,0.0003,1.551004608,1.203516653,1.288224196
19421101,0.0015,-0.015,-0.0421,0.0003,1.553796417,1.203877708,1.290156532
19421201,0.0512,-0.0251,0.0058,0.0003,1.633816932,1.204238872,1.356212546
19430101,0.0713,0.088,0.0818,0.0003,1.750798224,1.204600143,1.452910501
19430201,0.0615,0.0475,0.064,0.0003,1.858997555,1.204961523,1.542264497
19430301,0.0601,0.0499,0.0548,0.0003,1.971281007,1.205323012,1.634954593
19430401,0.0081,0.0205,0.0582,0.0003,1.987839768,1.205684609,1.648197725
19430501,0.0574,0.0435,0.0325,0.0003,2.102538122,1.206046314,1.742804275
19430601,0.0182,-0.0102,-0.007,0.0003,2.141435077,1.206408128,1.774523313
19430701,-0.0477,-0.0239,-0.0229,0.0003,2.039931055,1.20677005,1.689878551
19430801,0.013,-0.006,-0.0043,0.0003,2.067062138,1.207132081,1.711846972
19430901,0.024,0.0129,0.0143,0.0003,2.117291748,1.207494221,1.752931299
19431001,-0.0115,0.0058,0.0164,0.0003,2.09357808,1.207856469,1.732772589
19431101,-0.0591,-0.0165,-0.0402,0.0003,1.970475689,1.208218826,1.630365729
19431201,0.0636,0.0334,0.0324,0.0003,2.096389086,1.208581292,1.734056989
19440101,0.0174,0.0255,0.0216,0.0003,2.133495172,1.208943866,1.764229581
19440201,0.0037,-0.001,0.0084,0.0003,2.142029153,1.209306549,1.77075723
19440301,0.0246,0.0173,0.0343,0.0002,2.195151476,1.209548411,1.814317858
19440401,-0.0169,-0.0137,-0.0114,0.0003,2.158711962,1.209911275,1.783655887
19440501,0.0507,0.0168,0.0104,0.0003,2.268806272,1.210274249,1.87408724
19440601,0.0549,0.0401,0.0175,0.0003,2.394044378,1.210637331,1.976974629
19440701,-0.0149,0.0058,-0.0042,0.0003,2.35909133,1.211000522,1.947517707
19440801,0.0157,0.0233,-0.0149,0.0003,2.396836791,1.211363822,1.978093735
19440901,0.0001,0.0049,-0.0116,0.0002,2.397555842,1.211606095,1.978291545
19441001,0.0016,-0.0015,-0.0033,0.0003,2.402111198,1.211969577,1.981456811
19441101,0.0171,0.0036,0.0238,0.0003,2.443907933,1.212333168,2.015339723
19441201,0.0403,0.0225,0.0591,0.0002,2.542886204,1.212575634,2.096557914
19450101,0.0201,0.0246,0.0067,0.0003,2.594761083,1.212939407,2.138698728
19450201,0.0623,0.0155,0.0434,0.0002,2.756933651,1.213181995,2.271939658
19450301,-0.0389,-0.016,-0.0174,0.0002,2.650240318,1.213424631,2.183561206
19450401,0.078,0.0032,0.0324,0.0003,2.857754135,1.213788659,2.35387898
19450501,0.0173,0.0152,0.0036,0.0003,2.908050608,1.214152795,2.394601086
19450601,0.0039,0.0312,0.0421,0.0002,2.919973616,1.214395626,2.40394003
19450701,-0.0217,-0.0152,-0.0262,0.0003,2.85748618,1.214759945,2.351774532
19450801,0.062,0.015,-0.0427,0.0003,3.035507569,1.215124373,2.497584553
19450901,0.0477,0.017,0.0042,0.0003,3.181211933,1.21548891,2.616719336
19451001,0.0389,0.0238,0.0213,0.0003,3.30591544,1.215853557,2.718509718
19451101,0.0539,0.0431,0.0396,0.0002,3.484765466,1.216096727,2.865037392
19451201,0.012,0.021,-0.0228,0.0003,3.527628081,1.216461556,2.899417841
19460101,0.0624,0.0391,0.0248,0.0003,3.748810362,1.216826495,3.080341514
19460201,-0.0583,-0.0071,-0.0146,0.0003,3.531379361,1.217191543,2.900757603
19460301,0.0587,0.0029,-0.0054,0.0003,3.739730743,1.2175567,3.071032075
19460401,0.0423,0.0235,0.0032,0.0003,3.899043272,1.217921967,3.200936732
19460501,0.0393,0.0146,0.0128,0.0003,4.053445386,1.218287344,3.326733545
19460601,-0.0389,-0.0158,-0.0039,0.0003,3.896982394,1.21865283,3.19732361
19460701,-0.0269,-0.0207,0.0007,0.0003,3.793322662,1.219018426,3.111315605
19460801,-0.0644,-0.0184,0.0055,0.0003,3.55017068,1.219384131,2.91094688
19460901,-0.1017,-0.044,-0.0192,0.0003,3.190183373,1.219749947,2.614903582
19461001,-0.0144,0.001,0.0346,0.0003,3.145201787,1.220115872,2.577248971
19461101,-0.0001,-0.0044,0.0147,0.0003,3.145830828,1.220481906,2.576991246
19461201,0.0496,0.0008,-0.0136,0.0003,3.302807786,1.220848051,2.704810012
19470101,0.0125,0.022,-0.0073,0.0003,3.345083726,1.221214305,2.738620137
19470201,-0.0108,0.0068,0.0015,0.0003,3.309960347,1.22158067,2.709043039
19470301,-0.0167,-0.0162,0.0061,0.0003,3.255676997,1.221947144,2.663802021
19470401,-0.048,-0.0396,0.0085,0.0003,3.100381204,1.222313728,2.535939524
19470501,-0.0097,-0.0326,0.0033,0.0003,3.071237621,1.222680422,2.51134091
19470601,0.0529,-0.003,-0.0059,0.0003,3.234627462,1.223047226,2.644190844
19470701,0.0414,0.0143,0.0282,0.0003,3.369511427,1.22341414,2.753660345
19470801,-0.0174,0.0032,0.0018,0.0003,3.311892782,1.223781165,2.705746655
19470901,-0.0054,0.0164,0.0136,0.0006,3.295995697,1.224515433,2.691135623
19471001,0.0247,0.0051,0.0007,0.0006,3.379384388,1.225250143,2.757606673
19471101,-0.0197,-0.0171,0.011,0.0006,3.314838146,1.225985293,2.703281822
19471201,0.03,-0.0246,0.0371,0.0008,3.416935161,1.226966081,2.784380277
19480101,-0.0393,0.025,0.0139,0.0007,3.285041464,1.227824957,2.674954132
19480201,-0.0438,-0.0172,0.0007,0.0007,3.143456177,1.228684435,2.557791141
19480301,0.0807,0.0014,0.045,0.0009,3.399962201,1.229790251,2.764204886
19480401,0.0365,-0.0165,0.0411,0.0008,3.526780791,1.230774083,2.865098364
19480501,0.073,0.0091,-0.0127,0.0008,3.787057213,1.231758702,3.074250545
19480601,-0.001,-0.0182,0.0281,0.0009,3.786678507,1.232867285,3.071176294
19480701,-0.0509,-0.0033,0.0014,0.0008,3.596965914,1.233853579,2.914853421
19480801,0.0025,-0.0111,0.0028,0.0009,3.609195598,1.234964047,2.922140554
19480901,-0.0297,-0.0123,-0.0171,0.0004,3.503446167,1.235458033,2.83535298
19481001,0.0596,-0.015,0.0058,0.0004,3.713652937,1.235952216,3.004340017
19481101,-0.093,-0.006,-0.0413,0.0004,3.369768675,1.236446597,2.724936396
19481201,0.0326,-0.0282,-0.0194,0.0004,3.480971041,1.236941175,2.813769322
19490101,0.0023,0.0177,0.0123,0.001,3.492458246,1.238178117,2.820240992
19490201,-0.0293,-0.019,-0.0086,0.0009,3.393272432,1.239292477,2.737607931
19490301,0.0404,0.025,0.0129,0.001,3.53375391,1.240531769,2.848207291
19490401,-0.0187,-0.0089,-0.0113,0.0009,3.470853091,1.241648248,2.794945815
19490501,-0.0294,-0.0079,-0.0237,0.001,3.372280863,1.242889896,2.712774408
19490601,0.001,-0.0091,-0.0165,0.001,3.379025425,1.244132786,2.715487182
19490701,0.0554,0.0055,0.0037,0.0009,3.569264556,1.245252506,2.865925172
19490801,0.026,0.002,-0.0055,0.0009,3.665277773,1.246373233,2.940439227
19490901,0.0309,0.01,0.0019,0.0009,3.781833606,1.247494969,3.031298799
19491001,0.0314,0.0104,-0.0048,0.0009,3.903986831,1.248617714,3.126481581
19491101,0.0182,-0.0102,-0.0096,0.0008,3.978162581,1.249616608,3.183383546
19491201,0.0513,0.0206,0.0177,0.0009,4.185822668,1.250741263,3.346691122
19500101,0.017,0.0333,0.0012,0.0009,4.260748894,1.25186693,3.403584871
19500201,0.0148,0.0003,-0.0079,0.0009,4.327642651,1.252993611,3.453957927
19500301,0.0126,-0.0144,-0.0281,0.001,4.386498591,1.254246604,3.497477797
19500401,0.0394,0.0194,0.013,0.0009,4.563274485,1.255375426,3.635278422
19500501,0.0431,-0.021,0.0046,0.001,4.764514889,1.256630802,3.791958922
19500601,-0.0594,-0.0234,-0.007,0.001,4.48626722,1.257887432,3.566716562
19500701,0.0136,0.0069,0.1356,0.001,4.551766721,1.25914532,3.615223907
19500801,0.0485,0.0076,-0.015,0.001,4.777079174,1.260404465,3.790562267
19500901,0.0481,0.0049,-0.0107,0.001,5.011633761,1.26166487,3.972888312
19501001,-0.0018,-0.0047,0.013,0.0012,5.008626781,1.263178868,3.965737113
19501101,0.0276,-0.0089,0.0333,0.0011,5.15237437,1.264568364,4.075191457
19501201,0.0554,0.0147,0.0736,0.0011,5.443483522,1.265959389,4.300957064
19510101,0.057,0.0176,0.0364,0.0013,5.760838611,1.267605137,4.546111616
19510201,0.0141,0.0008,-0.0285,0.001,5.847827274,1.268872742,4.61021179
19510301,-0.0215,-0.0077,-0.041,0.0011,5.728531597,1.270268502,4.511092237
19510401,0.0486,-0.0145,0.0327,0.0013,6.014385324,1.271919851,4.730331319
19510501,-0.0234,0,-0.0137,0.0012,5.88086597,1.273446155,4.619641566
19510601,-0.0262,-0.0206,-0.0375,0.0012,5.733844321,1.27497429,4.498606957
19510701,0.0694,-0.0199,0.0206,0.0013,6.139227114,1.276631757,4.81081028
19510801,0.0427,0.0099,-0.0013,0.0013,6.409353107,1.278291378,5.016231879
19510901,0.007,0.0187,0.0063,0.0012,6.461909803,1.279825328,5.051345502
19511001,-0.0253,-0.0022,0.0023,0.0016,6.30876254,1.281873048,4.923546461
19511101,0.0057,-0.0032,-0.0006,0.0011,6.351662126,1.283283109,4.951610676
19511201,0.0333,-0.0226,-0.0159,0.0012,6.570794469,1.284823048,5.116499312
19520101,0.0145,-0.0061,0.0155,0.0015,6.675927181,1.286750283,5.190688552
19520201,-0.0262,0.0082,-0.0061,0.0012,6.509029001,1.288294383,5.054692512
19520301,0.0444,-0.0299,0.0217,0.0011,6.805189821,1.289711507,5.279120859
19520401,-0.0497,0.0046,-0.001,0.0012,6.475138114,1.291259161,5.016748552
19520501,0.032,-0.01,0.0004,0.0013,6.690760213,1.292937798,5.177284506
19520601,0.0383,-0.0164,0.0124,0.0015,6.95705247,1.294877204,5.375574503
19520701,0.0091,-0.004,-0.0035,0.0015,7.030797226,1.29681952,5.424492231
19520801,-0.0076,0.0115,0.0001,0.0015,6.987909363,1.298764749,5.38326609
19520901,-0.0203,0.0111,-0.0152,0.0016,6.857235458,1.300842773,5.273985788
19521001,-0.0066,-0.0105,-0.0046,0.0014,6.821577834,1.302663953,5.239177482
19521101,0.0594,-0.0072,0.0097,0.001,7.233601135,1.303966617,5.550384624
19521201,0.0293,-0.0148,0.0019,0.0016,7.45711941,1.306052963,5.713010894
19530101,-0.0034,0.0361,0.0132,0.0016,7.443696595,1.308142648,5.693586657
19530201,-0.0027,0.0215,-0.0009,0.0014,7.434019789,1.309974048,5.678213973
19530301,-0.0143,-0.0022,-0.0085,0.0018,7.341094542,1.312332001,5.597015513
19530401,-0.0283,0.003,0.0157,0.0016,7.145087318,1.314431732,5.438619974
19530501,0.0052,-0.0007,0.0023,0.0017,7.19438842,1.316666266,5.466900798
19530601,-0.0189,-0.0187,-0.0047,0.0018,7.071364378,1.319036266,5.363576373
19530701,0.024,-0.01,-0.0022,0.0015,7.25168417,1.32101482,5.492302206
19530801,-0.0452,0.0029,-0.0353,0.0017,6.936235908,1.323260545,5.244050146
19530901,0.002,-0.0084,-0.0244,0.0016,6.961206358,1.325377762,5.254538246
19531001,0.046,-0.0135,-0.0025,0.0013,7.290471418,1.327100753,5.496247006
19531101,0.0283,-0.013,-0.0015,0.0008,7.502624137,1.328162434,5.651790796
19531201,0.0003,-0.0085,-0.0284,0.0013,7.514628335,1.329889045,5.653486333
19540101,0.0513,0.0048,0.0344,0.0011,7.90839486,1.331351923,5.943510182
19540201,0.0167,-0.0019,-0.0029,0.0007,8.046000931,1.332283869,6.042766802
19540301,0.0365,-0.0054,-0.015,0.0008,8.346116765,1.333349696,6.26332779
19540401,0.0427,-0.0344,-0.0034,0.0009,8.710007456,1.334549711,6.530771887
19540501,0.0309,0.0041,0.0245,0.0005,8.98350169,1.335216986,6.732572738
19540601,0.0107,0.0038,0.0001,0.0006,9.08501526,1.336018116,6.804611266
19540701,0.0499,0.0106,0.0413,0.0005,9.542900029,1.336686125,7.144161369
19540801,-0.0234,0.0269,-0.0138,0.0005,9.324367618,1.337354468,6.976987993
19540901,0.0639,-0.0253,0.0068,0.0009,9.92858664,1.338558087,7.422817525
19541001,-0.0167,0.0062,0.0067,0.0007,9.769729253,1.339495078,7.298856473
19541101,0.0938,-0.0262,0.044,0.0006,10.69199169,1.340298775,7.98348921
19541201,0.0548,0.0212,0.0566,0.0008,11.28646643,1.341371014,8.420984418
19550101,0.006,0.0036,0.0214,0.0008,11.3632144,1.342444111,8.471510325
19550201,0.0302,0.0159,0.0058,0.0009,11.71661037,1.343652311,8.727349937
19550301,-0.0016,-0.0074,0.0197,0.001,11.70958041,1.344995963,8.713386177
19550401,0.0311,-0.0162,0.0068,0.001,12.08545794,1.346340959,8.984372487
19550501,0.0093,-0.0028,-0.0096,0.0014,12.21477234,1.348225836,9.067927151
19550601,0.0655,-0.0465,0.0184,0.001,13.0270547,1.349574062,9.66187638
19550701,0.019,-0.0117,0.0035,0.001,13.28759579,1.350923636,9.845452031
19550801,0.0021,-0.0044,0.0072,0.0016,13.3367599,1.353085114,9.86612748
19550901,-0.0036,0.0035,-0.0099,0.0016,13.31008638,1.35525005,9.830609421
19551001,-0.0268,0.0148,-0.0015,0.0018,12.97733422,1.3576895,9.567149089
19551101,0.0703,-0.0222,0.0033,0.0017,13.91170228,1.359997572,10.23971967
19551201,0.0149,0.0216,-0.023,0.0018,14.14402771,1.362445568,10.39229149
19560101,-0.0303,0.0037,0.0095,0.0022,13.74658053,1.365442948,10.07740506
19560201,0.0377,-0.0098,-0.0043,0.0019,14.29094512,1.36803729,10.45732323
19560301,0.0664,-0.0209,-0.0046,0.0015,15.26130029,1.370089346,11.15168949
19560401,0.0028,0.0001,-0.0024,0.0019,15.3330284,1.372692515,11.18291422
19560501,-0.052,0.0145,-0.0131,0.0023,14.57097689,1.375849708,10.60140268
19560601,0.0348,-0.0148,-0.0113,0.002,15.10718884,1.378601408,10.9703315
19560701,0.0484,-0.0166,-0.0004,0.0022,15.8716126,1.381634331,11.50129554
19560801,-0.0318,0.0189,-0.0074,0.0017,15.39387706,1.383983109,11.13555434
19560901,-0.0514,0.0157,0.0176,0.0018,14.63034076,1.386474279,10.56318685
19561001,0.0052,-0.001,-0.0006,0.0025,14.74299438,1.389940464,10.61811542
19561101,0.0036,-0.0021,0.0178,0.002,14.82555515,1.392720345,10.65634064
19561201,0.0316,-0.0001,-0.0215,0.0024,15.32962402,1.396062874,10.993081
19570101,-0.0358,0.0337,0.0281,0.0027,14.82221347,1.399832244,10.5995287
19570201,-0.0206,-0.0072,-0.0072,0.0024,14.55244918,1.403191841,10.38117841
19570301,0.0213,0.0026,-0.0048,0.0023,14.89588698,1.406419183,10.60229751
19570401,0.0426,-0.0159,-0.0145,0.0025,15.56769149,1.40993523,11.05395539
19570501,0.0345,-0.0105,-0.021,0.0026,16.14525284,1.413601062,11.43531685
19570601,-0.0074,0.0054,0.0001,0.0024,16.06452658,1.416993705,11.3506955
19570701,0.0066,-0.0076,0.0043,0.003,16.21874603,1.421244686,11.42561009
19570801,-0.0511,0.0005,-0.0041,0.0025,15.43051498,1.424797797,10.84176142
19570901,-0.0598,0.0008,0.0092,0.0026,14.54788952,1.428502272,10.19342408
19571001,-0.0432,-0.0252,-0.018,0.0029,13.96160957,1.432644928,9.753068163
19571101,0.023,0.004,-0.0287,0.0028,14.3218191,1.436656334,9.977388731
19571201,-0.0391,-0.0098,-0.0162,0.0024,13.79620834,1.440104309,9.587272831
19580101,0.0466,0.0439,0.0419,0.0028,14.47774103,1.444136601,10.03403975
19580201,-0.0152,0.0065,0.0033,0.0012,14.27505265,1.445869565,9.881522341
19580301,0.0327,0.0065,-0.0097,0.0009,14.75469442,1.447170848,10.20464812
19580401,0.0309,-0.0062,0.0161,0.0008,15.22241824,1.448328585,10.51997175
19580501,0.0231,0.0216,-0.0026,0.0011,15.59080076,1.449921746,10.7629831
19580601,0.0293,-0.0019,0.004,0.0003,16.05228846,1.450356723,11.0783385
19580701,0.0439,0.0047,0.0306,0.0007,16.76822053,1.451371972,11.56467756
19580801,0.0191,0.0118,0.0036,0.0004,17.09520083,1.451952521,11.7855629
19580901,0.0466,0.0012,0.0285,0.0019,17.92431807,1.454711231,12.33477013
19581001,0.0253,0.0109,-0.0118,0.0018,18.41006709,1.457329711,12.64683982
19581101,0.0301,0.0197,-0.0118,0.0011,18.98446118,1.458932774,13.0275097
19581201,0.0515,-0.0203,0.0003,0.0022,20.00392674,1.462142426,13.69842645
19590101,0.0071,0.0302,0.0291,0.0021,20.18796287,1.465212925,13.79568527
19590201,0.0095,0.0146,0.0116,0.0019,20.41810565,1.46799683,13.92674428
19590301,0.0028,0.0149,-0.0034,0.0022,20.52019618,1.471226423,13.96573917
19590401,0.0366,-0.006,-0.0123,0.002,21.31227575,1.474168875,14.47688522
19590501,0.0173,-0.0216,0.0179,0.0022,21.72786512,1.477412047,14.72733534
19590601,-0.0025,0.0067,0.0131,0.0025,21.72786512,1.481105577,14.690517
19590701,0.0317,-0.003,0.0023,0.0025,22.47095811,1.484808341,15.15620639
19590801,-0.0139,-0.0076,0.0044,0.0019,22.20130661,1.487629477,14.94553512
19590901,-0.048,-0.0009,0.0055,0.0031,21.20446795,1.492241128,14.22814943
19591001,0.0128,0.0144,-0.021,0.003,21.53949854,1.496717852,14.41026974
19591101,0.016,0.0123,-0.0321,0.0026,21.94013321,1.500609318,14.64083406
19591201,0.0245,-0.0058,-0.0007,0.0034,22.55226293,1.50571139,14.99953449
19600101,-0.0698,0.0209,0.0278,0.0033,21.05253745,1.510680237,13.95256699
19600201,0.0117,0.0051,-0.0193,0.0029,21.35990449,1.51506121,14.11581202
19600301,-0.0163,-0.0049,-0.0294,0.0035,21.08649772,1.520363924,13.88572428
19600401,-0.0171,0.0032,-0.0228,0.0019,20.76598295,1.523252616,13.6482784
19600501,0.0312,0.0121,-0.037,0.0027,21.46994977,1.527365398,14.07410469
19600601,0.0208,-0.0021,-0.0034,0.0024,21.96805261,1.531031075,14.36684606
19600701,-0.0237,-0.0051,0.0198,0.0013,21.47596823,1.533021415,14.02635181
19600801,0.0301,0.0087,-0.0018,0.0017,22.15890402,1.535627551,14.448545
19600901,-0.0599,-0.0111,0.0162,0.0016,20.86703991,1.538084556,13.58307716
19601001,-0.0071,-0.0408,0.0283,0.0022,20.76479142,1.541468342,13.48663731
19601101,0.0469,0.004,-0.0243,0.0013,21.76565436,1.54347225,14.1191606
19601201,0.0471,-0.0155,-0.0081,0.0016,22.82564173,1.545941806,14.78417306
19610101,0.062,0.0064,0.0372,0.0019,24.28420024,1.548879095,15.70079179
19610201,0.0357,0.0393,-0.0066,0.0014,25.18514407,1.551047526,16.26131006
19610301,0.0289,0.033,-0.0073,0.002,25.96336502,1.554149621,16.73126192
19610401,0.0029,0.0007,0.0212,0.0017,26.0827965,1.556791676,16.77978258
19610501,0.024,0.0201,0.0037,0.0018,26.75573265,1.559593901,17.18249736
19610601,-0.0308,-0.0249,-0.0014,0.002,25.98516755,1.562713088,16.65327644
19610701,0.0283,-0.019,-0.0009,0.0018,26.76732109,1.565525972,17.12456417
19610801,0.0257,-0.0175,-0.0028,0.0014,27.49271549,1.567717708,17.56466546
19610901,-0.0215,-0.0107,-0.0061,0.0017,26.94835973,1.570382828,17.18702516
19611001,0.0257,-0.0165,0.0015,0.0019,27.69213445,1.573366556,17.6287317
19611101,0.0445,0.0126,-0.0123,0.0015,28.96597264,1.575726606,18.41321026
19611201,-0.0018,-0.0085,0.0179,0.0019,28.96886924,1.578720486,18.38006649
19620101,-0.0387,0.0177,0.0513,0.0024,27.91729928,1.582509415,17.66875791
19620201,0.0181,-0.0115,0.0082,0.002,28.478437,1.585674434,17.98856243
19620301,-0.0068,0.0052,-0.0138,0.002,28.3417405,1.588845783,17.86624021
19620401,-0.0659,-0.007,0.0003,0.0022,26.53637163,1.592341244,16.68885498
19620501,-0.0865,-0.0334,0.0277,0.0024,24.30466278,1.596162863,15.24526902
19620601,-0.0847,-0.0059,0.0255,0.002,22.29466717,1.599355188,13.95399473
19620701,0.0628,0.0152,-0.0341,0.0027,23.75496786,1.603673447,14.8303056
19620801,0.0213,0.0122,-0.012,0.0023,24.31558511,1.607361896,15.14619111
19620901,-0.0522,-0.0242,0.0128,0.0021,23.09737429,1.610737356,14.35555994
19621001,-0.0005,-0.0397,0.013,0.0025,23.14356904,1.6147642,14.34838216
19621101,0.1087,0.0261,0.0095,0.002,25.70556213,1.617993728,15.9080513
19621201,0.0101,-0.038,0.0036,0.0023,26.0243111,1.621715114,16.06872262
19630101,0.0493,0.0308,0.0221,0.0025,27.37237042,1.625769402,16.86091064
19630201,-0.0238,0.0048,0.0218,0.0023,26.78386446,1.629508671,16.45962097
19630301,0.0308,-0.0259,0.0206,0.0023,27.67041037,1.633256541,16.96657729
19630401,0.0451,-0.0134,0.01,0.0025,28.9875219,1.637339682,17.73176993
19630501,0.0176,0.0113,0.0254,0.0024,29.56727234,1.641269298,18.04384908
19630601,-0.02,-0.0027,0.0075,0.0023,29.04393162,1.645044217,17.6829721
19630701,-0.0039,-0.0045,-0.0097,0.0027,29.0090789,1.649485836,17.61400851
19630801,0.0507,-0.0098,0.018,0.0025,30.5523619,1.653609551,18.50703874
19630901,-0.0157,-0.0033,0.0013,0.0027,30.1551812,1.658074297,18.21647823
19631001,0.0253,-0.0058,-0.001,0.0029,31.0055573,1.662882712,18.67735513
19631101,-0.0085,-0.0117,0.0175,0.0027,30.82572507,1.667372496,18.51859761
19631201,0.0183,-0.0216,-0.0002,0.0029,31.47923044,1.672207876,18.85748795
19640101,0.0224,-0.0011,0.0148,0.003,32.2788029,1.6772245,19.27989568
19640201,0.0154,0.0011,0.0281,0.0026,32.85982135,1.681585283,19.57680607
19640301,0.0141,0.0087,0.034,0.0031,33.42501028,1.686798198,19.85283904
19640401,0.001,-0.0135,-0.0067,0.0029,33.55536782,1.691689912,19.87269188
19640501,0.0142,-0.0086,0.0186,0.0026,34.119098,1.696088306,20.1548841
19640601,0.0127,-0.0012,0.0062,0.003,34.65476783,1.701176571,20.41085113
19640701,0.0174,0.0024,0.0075,0.003,35.3617251,1.706280101,20.76599994
19640801,-0.0144,0.0016,0.0008,0.0028,34.95152909,1.711057685,20.46696954
19640901,0.0269,-0.0054,0.017,0.0028,35.9895895,1.715848647,21.01753102
19641001,0.0059,0.0042,0.0117,0.0029,36.30629789,1.720824608,21.14153445
19641101,0,0.0069,-0.0196,0.0029,36.41158615,1.725814999,21.14153445
19641201,0.0003,-0.0035,-0.0248,0.0031,36.53538555,1.731165025,21.14787691
19650101,0.0354,0.027,0.0012,0.0028,37.93103727,1.736012288,21.89651176
19650201,0.0044,0.0355,0.0011,0.003,38.21172695,1.741220324,21.99285641
19650301,-0.0134,0.0189,0.0103,0.0036,37.83725202,1.747488718,21.69815213
19650401,0.0311,0.011,0.0066,0.0031,39.13128604,1.752905933,22.37296466
19650501,-0.0077,0.0011,-0.0161,0.0031,38.95128213,1.758339941,22.20069284
19650601,-0.0551,-0.0434,0.0059,0.0035,36.94139597,1.764494131,20.97743466
19650701,0.0143,0.0089,0.022,0.0031,37.58417626,1.769964063,21.27741198
19650801,0.0273,0.0284,-0.01,0.0033,38.73425205,1.775804944,21.85828532
19650901,0.0286,0.0064,-0.0013,0.0031,39.96212784,1.781309939,22.48343228
19651001,0.026,0.0252,0.0156,0.0031,41.12502576,1.786832,23.06800152
19651101,-0.0003,0.0468,0.0015,0.0035,41.25662585,1.793085912,23.06108112
19651201,0.0101,0.0206,0.0203,0.0033,41.80946463,1.799003096,23.29399804
19660101,0.0072,0.0384,0.0356,0.0038,42.26936874,1.805839307,23.46171483
19660201,-0.0121,0.044,0.0033,0.0035,41.90585217,1.812159745,23.17782808
19660301,-0.0251,0.0099,-0.0198,0.0038,41.01325752,1.819045952,22.59606459
19660401,0.0214,0.0343,-0.0046,0.0034,42.03038631,1.825230708,23.07962037
19660501,-0.0566,-0.046,-0.0163,0.0041,39.82379103,1.832714154,21.77331386
19660601,-0.0144,0.0103,0.005,0.0038,39.40165884,1.839678468,21.45977814
19660701,-0.0163,-0.0036,0.0095,0.0035,38.89731761,1.846117343,21.10998376
19660801,-0.0791,-0.0327,0.0043,0.0041,35.98001879,1.853686424,19.44018404
19660901,-0.0106,-0.0104,0.0056,0.004,35.74255066,1.861101169,19.23411809
19661001,0.0386,-0.0652,0.0269,0.0045,37.2830546,1.869476125,19.97655505
19661101,0.014,0.0424,-0.0469,0.004,37.95414958,1.876954029,20.25622682
19661201,0.0013,0.0197,-0.0119,0.004,38.15530657,1.884461845,20.28255992
19670101,0.0815,0.0832,0.0227,0.0043,41.42903188,1.892565031,21.93558855
19670201,0.0078,0.0335,-0.0222,0.0036,41.90132284,1.899378265,22.10668614
19670301,0.0399,0.0155,0.0037,0.0039,43.73660078,1.906785841,22.98874292
19670401,0.0389,0.0063,-0.0248,0.0032,45.57791167,1.912887555,23.88300502
19670501,-0.0433,0.019,0.0109,0.0033,43.75479521,1.919200084,22.8488709
19670601,0.0241,0.0593,0.0085,0.0027,44.92742372,1.924381924,23.39952869
19670701,0.0458,0.0312,0.0273,0.0031,47.12437474,1.930347508,24.4712271
19670801,-0.0089,0.0042,0.0144,0.0031,46.85105337,1.936331586,24.25343318
19670901,0.0311,0.0306,-0.025,0.0032,48.4580445,1.942527847,25.00771495
19671001,-0.0309,0.0146,-0.033,0.0039,47.14967729,1.950103705,24.23497656
19671101,0.0037,0.0021,-0.017,0.0036,47.49386994,1.957124079,24.32464597
19671201,0.0305,0.0573,-0.0053,0.0033,49.09916274,1.963582588,25.06654768
19680101,-0.0406,0.0392,0.048,0.004,47.30213339,1.971436918,24.04884584
19680201,-0.0375,-0.0294,0.0128,0.0039,45.7127817,1.979125522,23.14701412
19680301,0.002,-0.0134,-0.0059,0.0038,45.97791584,1.986646199,23.19330815
19680401,0.0905,0.0568,-0.0113,0.0043,50.33662226,1.995188778,25.29230254
19680501,0.0228,0.064,0.0085,0.0045,51.71081205,2.004167128,25.86896703
19680601,0.0069,-0.0019,0.0073,0.0043,52.28997314,2.012785046,26.04746291
19680701,-0.0272,-0.0136,0.0539,0.0048,51.11867774,2.022446414,25.33897192
19680801,0.0134,0.0234,0.0101,0.0042,52.01836647,2.030940689,25.67851414
19680901,0.0403,0.028,0.003,0.0043,54.33838562,2.039673734,26.71335826
19681001,0.0042,-0.0048,0.0286,0.0044,54.80569573,2.048648299,26.82555436
19681101,0.0543,0.0234,-0.0092,0.0042,58.01182893,2.057252622,28.28218197
19681201,-0.0394,0.0337,-0.0001,0.0043,55.97561374,2.066098808,27.167864
19690101,-0.0125,-0.0074,0.0167,0.0053,55.57258932,2.077049132,26.8282657
19690201,-0.0584,-0.0392,0.0091,0.0046,52.58278401,2.086603558,25.26149498
19690301,0.0264,-0.003,-0.0051,0.0046,54.21285032,2.096201934,25.92839845
19690401,0.0146,-0.0086,-0.0003,0.0053,55.29168604,2.107311804,26.30695307
19690501,-0.001,-0.0021,0.007,0.0048,55.50179445,2.117426901,26.28064611
19690601,-0.0718,-0.0537,-0.0108,0.0051,51.79982476,2.128225778,24.39369572
19690701,-0.07,-0.0324,0.012,0.0053,48.44837609,2.139505375,22.68613702
19690801,0.0468,0.0093,-0.0379,0.005,50.95800198,2.150202902,23.74784823
19690901,-0.0298,0.0118,-0.0327,0.0062,49.75539313,2.16353416,23.04016236
19691001,0.0506,0.0391,-0.0316,0.006,52.57154838,2.176515365,24.20599457
19691101,-0.0379,-0.0258,-0.0119,0.0052,50.85245875,2.187833244,23.28858738
19691201,-0.0263,-0.0371,-0.0286,0.0064,49.84049482,2.201835377,22.67609753
19700101,-0.081,0.0293,0.0313,0.006,46.10245771,2.215046389,20.83933363
19700201,0.0513,-0.0258,0.0393,0.0062,48.75334903,2.228779677,21.90839144
19700301,-0.0106,-0.0232,0.0399,0.0057,48.51445762,2.241483721,21.6761625
19700401,-0.11,-0.0615,0.0618,0.005,43.42043957,2.25269114,19.29178462
19700501,-0.0692,-0.0459,0.0333,0.0053,40.64587348,2.264630403,17.95679312
19700601,-0.0579,-0.0213,0.006,0.0058,38.52822347,2.277765259,16.9170948
19700701,0.0693,-0.005,0.009,0.0052,41.39857612,2.289609639,18.08944947
19700801,0.0449,0.0152,0.0115,0.0053,43.47678464,2.30174457,18.90166575
19700901,0.0418,0.0859,-0.0547,0.0054,45.52888887,2.31417399,19.69175538
19701001,-0.0228,-0.0421,0.0022,0.0046,44.7002631,2.324819191,19.24278336
19701101,0.046,-0.0394,0.0169,0.0046,46.96209641,2.335513359,20.12795139
19701201,0.0572,0.0292,0.01,0.0042,49.84556913,2.345322515,21.27927021
19710101,0.0484,0.0736,0.0133,0.0038,52.44750784,2.354234741,22.30918689
19710201,0.0141,0.0186,-0.0123,0.0033,53.36009447,2.362003715,22.62374643
19710301,0.0413,0.0262,-0.0395,0.003,55.72394666,2.369089726,23.55810716
19710401,0.0315,-0.0049,0.0069,0.0028,57.63527803,2.375723178,24.30018753
19710501,-0.0398,-0.0104,-0.0144,0.0029,55.50853627,2.382612775,23.33304007
19710601,-0.001,-0.0147,-0.0187,0.0037,55.65840932,2.391428442,23.30970703
19710701,-0.045,-0.0148,0.0002,0.004,53.37641454,2.400994156,22.26077021
19710801,0.0379,-0.0017,0.0263,0.0047,55.6502498,2.412278828,23.1044534
19710901,-0.0085,0.0051,-0.0291,0.0037,55.3831286,2.42120426,22.90806555
19711001,-0.0442,-0.0176,-0.0048,0.0037,53.14011189,2.430162716,21.89552905
19711101,-0.0046,-0.0277,-0.0168,0.0037,53.09228579,2.439154318,21.79480962
19711201,0.0871,0.0329,-0.004,0.0037,57.91306534,2.448179189,23.69313753
19720101,0.0249,0.0585,0.0224,0.0029,59.52304855,2.455278909,24.28309666
19720201,0.0287,0.013,-0.0279,0.0025,61.38016767,2.461417106,24.98002153
19720301,0.0063,-0.0024,-0.0161,0.0027,61.93258918,2.468062932,25.13739567
19720401,0.0029,0.0011,0.0012,0.0029,62.2917982,2.475220314,25.21029412
19720501,0.0125,-0.0269,-0.027,0.003,63.25732107,2.482645975,25.52542279
19720601,-0.0243,0.0027,-0.0248,0.0029,61.9036144,2.489845649,24.90515502
19720701,-0.008,-0.0287,0.0066,0.0031,61.60028669,2.49756417,24.70591378
19720801,0.0326,-0.0403,0.0454,0.0029,63.78709686,2.504807106,25.51132657
19720901,-0.0114,-0.0265,0.0046,0.0034,63.27680009,2.513323451,25.22049744
19721001,0.0052,-0.0273,0.0134,0.004,63.85894665,2.523376744,25.35164403
19721101,0.046,-0.012,0.0485,0.0037,67.0327363,2.532713238,26.51781966
19721201,0.0062,-0.0195,-0.0219,0.0037,67.69636039,2.542084277,26.68223014
19730101,-0.0329,-0.0349,0.0268,0.0044,65.76701412,2.553269448,25.80438477
19730201,-0.0485,-0.0387,0.016,0.0041,62.84695869,2.563737853,24.55287211
19730301,-0.013,-0.0282,0.0262,0.0046,62.31904424,2.575531047,24.23368477
19730401,-0.0568,-0.0385,0.0541,0.0052,59.10338155,2.588923808,22.85721147
19730501,-0.0294,-0.063,0.0041,0.0051,57.66716938,2.60212732,22.18520946
19730601,-0.0157,-0.0286,0.012,0.0051,57.05589739,2.615398169,21.83690167
19730701,0.0505,0.0797,-0.0531,0.0064,60.30237795,2.632136717,22.9396652
19730801,-0.0382,-0.0213,0.0124,0.007,58.42094376,2.650561674,22.06336999
19730901,0.0475,0.0304,0.0201,0.0068,61.593201,2.668585494,23.11138007
19731001,-0.0083,-0.0045,0.0194,0.0065,61.48233324,2.6859313,22.91955561
19731101,-0.1275,-0.0767,0.0387,0.0056,53.98763682,2.700972515,19.99731227
19731201,0.0061,-0.0535,0.0385,0.0064,54.66248228,2.718258739,20.11929588
19740101,-0.0017,0.0968,0.0602,0.0063,54.9139297,2.735383769,20.08509307
19740201,-0.0047,-0.0018,0.0281,0.0058,54.97433502,2.751248995,19.99069314
19740301,-0.0281,0.026,-0.0032,0.0056,53.73741248,2.766655989,19.42895466
19740401,-0.0529,-0.0074,0.0085,0.0075,51.29773395,2.787405909,18.40116296
19740501,-0.0468,-0.0296,-0.0202,0.0075,49.28173301,2.808311453,17.53998853
19740601,-0.0283,-0.0017,0.0077,0.006,48.18275036,2.825161322,17.04360686
19740701,-0.0805,0.0084,0.0516,0.007,44.64131821,2.844937451,15.6715965
19740801,-0.0935,-0.0073,0.0264,0.006,40.73520287,2.862007076,14.20630223
19740901,-0.1177,0.0027,0.0558,0.0081,36.27062463,2.885189333,12.53422046
19741001,0.161,-0.0346,-0.0987,0.0051,42.29517539,2.899903799,14.55222995
19741101,-0.0451,-0.0121,-0.002,0.0054,40.61605692,2.91556328,13.89592438
19741201,-0.0345,-0.0483,0.0011,0.007,39.49911536,2.935972223,13.41651499
19750101,0.1366,0.1114,0.0828,0.0058,45.12378939,2.953000861,15.24921094
19750201,0.0556,0.0016,-0.0444,0.0043,47.82670437,2.965698765,16.09706707
19750301,0.0266,0.0378,0.0238,0.0041,49.29498419,2.97785813,16.52524905
19750401,0.0423,-0.0065,-0.0114,0.0044,51.59705996,2.990960706,17.22426708
19750501,0.0519,0.0383,-0.041,0.0044,54.50197443,3.004120933,18.11820655
19750601,0.0483,0.0087,0.0138,0.0041,57.35787789,3.016437829,18.99331592
19750701,-0.0659,0.027,0.0169,0.0048,53.85331155,3.03091673,17.7416564
19750801,-0.0285,-0.0325,-0.0095,0.0048,52.57698807,3.045465131,17.2360192
19750901,-0.0426,-0.001,0.0039,0.0053,50.61586641,3.061606096,16.50176478
19751001,0.0531,-0.0403,0.0028,0.0056,53.58701777,3.07875109,17.37800849
19751101,0.0264,-0.012,0.0203,0.0041,55.22142181,3.091373969,17.83678791
19751201,-0.016,-0.0078,0.0169,0.0048,54.60294189,3.106212564,17.5513993
19760101,0.1216,0.0481,0.0863,0.0047,61.49929345,3.120811764,19.68564946
19760201,0.0032,0.0706,0.0587,0.0034,61.90518879,3.131422524,19.74864354
19760301,0.0232,-0.0116,-0.0012,0.004,63.58900992,3.143948214,20.20681207
19760401,-0.0149,-0.0011,-0.0016,0.0042,62.90860752,3.157152796,19.90573057
19760501,-0.0134,-0.0123,-0.0136,0.0037,62.29839402,3.168834261,19.63899378
19760601,0.0405,-0.0132,0.0071,0.0043,65.08936207,3.182460249,20.43437303
19760701,-0.0107,0.0029,0.0173,0.0047,64.6988259,3.197417812,20.21572524
19760801,-0.0056,-0.02,0.0081,0.0042,64.60824755,3.210846967,20.10251717
19760901,0.0207,-0.0002,-0.0029,0.0044,66.22991456,3.224974693,20.51863928
19761001,-0.0242,0.0022,-0.0018,0.0041,64.89869328,3.23819709,20.02208821
19761101,0.0036,0.0232,0.0151,0.004,65.39192335,3.251149878,20.09416773
19761201,0.0565,0.0303,0.0227,0.004,69.34813471,3.264154478,21.2294882
19770101,-0.0405,0.0476,0.0427,0.0036,66.78918854,3.275905434,20.36969393
19770201,-0.0194,0.0104,0.0047,0.0035,65.72724044,3.287371103,19.97452187
19770301,-0.0137,0.01,0.0109,0.0038,65.07654076,3.299863113,19.70087092
19770401,0.0015,-0.0012,0.0338,0.0038,65.42144643,3.312402593,19.73042223
19770501,-0.0145,0.0118,0.0085,0.0037,64.7148948,3.324658482,19.4443311
19770601,0.0471,0.0209,-0.0074,0.004,68.02182593,3.337957116,20.3601591
19770701,-0.0169,0.0216,-0.0056,0.0042,67.15794874,3.351976536,20.01607241
19770801,-0.0175,0.0148,-0.027,0.0044,66.27817961,3.366725233,19.66579114
19770901,-0.0027,0.0134,-0.0052,0.0043,66.3842247,3.381202151,19.61269351
19771001,-0.0438,0.0125,0.0175,0.0049,63.80187836,3.397770042,18.75365753
19771101,0.04,0.0373,0.0026,0.005,66.67296288,3.414758892,19.50380383
19771201,0.0027,0.0132,-0.0029,0.0049,67.1796774,3.431491211,19.5564641
19780101,-0.0601,0.0224,0.0336,0.0049,63.47135921,3.448305518,18.38112061
19780201,-0.0138,0.0359,0.0083,0.0046,62.8874227,3.464167723,18.12746115
19780301,0.0285,0.0349,0.0118,0.0053,65.01301759,3.482527812,18.64409379
19780401,0.0788,0.0045,-0.0354,0.0054,70.48711367,3.501333462,20.11324838
19780501,0.0176,0.0456,-0.0052,0.0051,72.08717115,3.519190263,20.46724155
19780601,-0.0169,0.0166,0.0057,0.0054,71.25816868,3.53819389,20.12134517
19780701,0.0511,0.0023,-0.0115,0.0056,75.29850685,3.558007776,21.14954591
19780801,0.0375,0.0506,-0.0051,0.0056,78.54387249,3.57793262,21.94265388
19780901,-0.0143,-0.0043,0.0189,0.0062,77.90766713,3.600115802,21.62887393
19781001,-0.1191,-0.0986,0.0138,0.0068,69.15863611,3.624596589,19.05287504
19781101,0.0271,0.0297,-0.0215,0.007,71.5169456,3.649968765,19.56920796
19781201,0.0088,0.0129,-0.0213,0.0078,72.7041269,3.678438522,19.74141699
19790101,0.0423,0.0362,0.0219,0.0077,76.33933324,3.706762498,20.57647892
19790201,-0.0356,0.0045,0.0117,0.0073,74.17893011,3.733821865,19.84395627
19790301,0.0568,0.0326,-0.0071,0.0081,78.99314268,3.764065822,20.97109299
19790401,-0.0006,0.0215,0.0112,0.008,79.57769193,3.794178348,20.95851034
19790501,-0.0221,0.0021,0.0131,0.0082,78.47156201,3.825290611,20.49532726
19790601,0.0385,0.0117,0.0144,0.0081,82.1283368,3.856275465,21.28439736
19790701,0.0082,0.0128,0.0186,0.0077,83.43417736,3.885968786,21.45892941
19790801,0.0553,0.0205,-0.0158,0.0077,88.69053053,3.915890745,22.64560821
19790901,-0.0082,-0.0027,-0.009,0.0083,88.69939958,3.948392639,22.45991422
19791001,-0.081,-0.0337,-0.0184,0.0087,82.28643299,3.982743655,20.64066117
19791101,0.0521,0.0287,-0.0329,0.0099,87.38819184,4.022172817,21.71603962
19791201,0.0179,0.0417,-0.021,0.0095,89.7826283,4.060383458,22.10475673
19800101,0.0551,0.0162,0.0175,0.008,95.44791214,4.092866526,23.32272882
19800201,-0.0122,-0.0185,0.0061,0.0089,95.13293403,4.129293038,23.03819153
19800301,-0.129,-0.0664,-0.0101,0.0121,84.01189404,4.179257484,20.06626482
19800401,0.0397,0.0105,0.0106,0.0126,88.4057161,4.231916128,20.86289554
19800501,0.0526,0.0213,0.0038,0.0081,93.77194307,4.266194649,21.96028384
19800601,0.0306,0.0166,-0.0076,0.0061,97.21337338,4.292218436,22.63226853
19800701,0.0649,0.0414,-0.0641,0.0053,104.0377522,4.314967194,24.10110276
19800801,0.018,0.0392,-0.026,0.0064,106.5762733,4.342582984,24.53492261
19800901,0.0219,0.0098,-0.0459,0.0075,109.7096158,4.375152356,25.07223741
19801001,0.0106,0.0247,-0.0276,0.0095,111.9147791,4.416716304,25.33800313
19801101,0.0959,-0.0336,-0.0833,0.0096,123.7217882,4.45911678,27.76791763
19801201,-0.0452,-0.0026,0.0279,0.0131,119.7503188,4.51753121,26.51280775
19810101,-0.0504,0.0292,0.0672,0.0104,114.9603061,4.564513535,25.17656224
19810201,0.0057,-0.0034,0.0102,0.0107,116.8456551,4.61335383,25.32006864
19810301,0.0356,0.0354,0.0064,0.0121,122.4191929,4.669175411,26.22146309
19810401,-0.0211,0.044,0.0228,0.0108,121.1582752,4.719602505,25.66819022
19810501,0.0011,0.02,-0.0042,0.0115,122.6848694,4.773877934,25.69642523
19810601,-0.0236,-0.0083,0.0513,0.0135,121.4457523,4.838325286,25.08998959
19810701,-0.0154,-0.0219,-0.005,0.0124,121.081415,4.89832052,24.70360375
19810801,-0.0704,-0.0195,0.0476,0.0128,114.1071255,4.961019022,22.96447005
19810901,-0.0717,-0.0265,0.0517,0.0124,107.340573,5.022535658,21.31791755
19811001,0.0492,0.0223,-0.0421,0.0121,113.9205501,5.08330834,22.36675909
19811101,0.0336,-0.0103,0.0183,0.0107,118.9672304,5.137699739,23.11828219
19811201,-0.0365,0.012,0.0081,0.0087,115.6599414,5.182397727,22.27446489
19820101,-0.0324,-0.0128,0.0319,0.008,112.8378389,5.223856909,21.55277223
19820201,-0.0586,0.0044,0.0605,0.0092,107.2636496,5.271916392,20.28977978
19820301,-0.0187,-0.0021,0.0381,0.0098,106.3090031,5.323581173,19.9103609
19820401,0.0327,0.0147,-0.027,0.0113,110.9865993,5.38373764,20.5614297
19820501,-0.0399,0.0052,0.0175,0.0106,107.7346919,5.440805259,19.74102865
19820601,-0.0309,-0.004,0.0153,0.0096,105.439943,5.493036989,19.13103087
19820701,-0.0319,0.0083,0.0009,0.0105,103.1835282,5.550713878,18.52075098
19820801,0.1114,-0.0414,0.0095,0.0076,115.4623681,5.592899303,20.58396264
19820901,0.0129,0.0295,0.0028,0.0051,117.5406907,5.62142309,20.84949576
19821001,0.113,0.0234,-0.0366,0.0059,131.5162788,5.654589486,23.20548878
19821101,0.0467,0.0467,-0.0187,0.0063,138.4866416,5.6902134,24.28918511
19821201,0.0055,-0.0022,-0.0002,0.0067,140.1761786,5.72833783,24.42277563
19830101,0.036,0.0273,-0.0075,0.0069,146.1897367,5.767863361,25.30199555
19830201,0.0259,0.0327,0.007,0.0062,150.8824272,5.803624113,25.95731723
19830301,0.0282,0.0173,0.0202,0.0063,156.087871,5.840186945,26.68931358
19830401,0.0667,0.005,0.0049,0.0071,167.6071558,5.881652273,28.46949079
19830501,0.0052,0.0624,-0.014,0.0069,169.6352024,5.922235673,28.61753215
19830601,0.0307,0.0095,-0.039,0.0067,175.979559,5.961914652,29.49609038
19830701,-0.0407,0.015,0.0562,0.0074,170.1194397,6.006032821,28.2955995
19830801,-0.005,-0.0428,0.0554,0.0076,170.5617502,6.05167867,28.15412151
19830901,0.0091,0.0061,0.0101,0.0076,173.4101315,6.097671428,28.41032401
19831001,-0.0344,-0.0357,0.0497,0.0076,168.7627399,6.144013731,27.43300887
19831101,0.0216,0.0201,-0.0072,0.007,173.5893543,6.187021827,28.02556186
19831201,-0.0178,-0.0027,0.0173,0.0073,171.7666661,6.232187086,27.52670686
19840101,-0.0192,-0.0038,0.0758,0.0076,169.7741728,6.279551708,26.99819409
19840201,-0.0482,-0.0169,0.0333,0.0071,162.7964543,6.324136525,25.69688113
19840301,0.0063,0.0007,0.0046,0.0073,165.010486,6.370302722,25.85877148
19840401,-0.0051,-0.0116,0.012,0.0081,165.5055175,6.421902174,25.72689175
19840501,-0.0597,0.0006,0.0031,0.0078,156.9157811,6.471993011,24.19099631
19840601,0.0182,-0.003,-0.0266,0.0075,160.9485167,6.520532959,24.63127244
19840701,-0.0274,-0.0221,0.0036,0.0082,157.8583052,6.574001329,23.95637558
19840801,0.1028,-0.0024,-0.0182,0.0083,175.3963629,6.62856554,26.41909099
19840901,-0.008,0.0017,0.0528,0.0086,175.5016007,6.685571204,26.20773826
19841001,-0.0084,-0.0123,0.0045,0.01,175.7824033,6.752426916,25.98759326
19841101,-0.0176,-0.0065,0.0406,0.0073,173.9718445,6.801719632,25.53021162
19841201,0.0184,-0.0056,-0.0026,0.0064,178.2863463,6.845250638,25.99996751
19850101,0.0799,0.0331,-0.0535,0.0065,193.6902866,6.889744767,28.07736491
19850201,0.0122,0.0079,-0.001,0.0058,197.1767117,6.929705287,28.41990877
19850301,-0.0084,-0.0108,0.0407,0.0062,196.742923,6.972669459,28.18118153
19850401,-0.0096,0.0014,0.0372,0.0072,196.27074,7.022872679,27.91064219
19850501,0.0509,-0.0222,-0.0096,0.0066,207.5563075,7.069223639,29.33129388
19850601,0.0127,0.0052,0.0038,0.0055,211.3338323,7.108104369,29.70380131
19850701,-0.0074,0.0284,-0.0162,0.0062,211.0802317,7.152174616,29.48399318
19850801,-0.0102,-0.003,0.0232,0.0055,210.0881546,7.191511577,29.18325645
19850901,-0.0454,-0.0159,0.0129,0.006,201.8106813,7.234660646,27.85833661
19851001,0.0402,-0.0151,0.0075,0.0065,211.2352401,7.28168594,28.97824174
19851101,0.0648,0.0025,-0.0285,0.0061,226.2118187,7.326104224,30.8560318
19851201,0.0388,-0.0051,-0.0154,0.0065,236.4592141,7.373723902,32.05324584
19860101,0.0065,0.0121,0.0044,0.0056,239.3203705,7.415016756,32.26159193
19860201,0.0713,-0.0054,-0.0072,0.0053,257.6523109,7.454316345,34.56184344
19860301,0.0488,-0.0059,-0.0039,0.006,271.7716576,7.499042243,36.2484614
19860401,-0.0131,0.0278,-0.0287,0.0052,269.6246615,7.538037262,35.77360656
19860501,0.0462,-0.0135,-0.0021,0.0049,283.4024817,7.574973645,37.42634718
19860601,0.0103,-0.0096,0.0128,0.0052,287.7952201,7.614363508,37.81183855
19860701,-0.0645,-0.0336,0.047,0.0052,270.7289636,7.653958198,35.37297497
19860801,0.0607,-0.0417,0.0351,0.0046,288.4075649,7.689166406,37.52011455
19860901,-0.086,0.0236,0.0322,0.0045,264.9023484,7.723767655,34.2933847
19861001,0.0466,-0.025,-0.0142,0.0046,278.4653486,7.759296986,35.89145642
19861101,0.0117,-0.0191,-0.0007,0.0039,282.809408,7.789558244,36.31138646
19861201,-0.0327,0.0013,0.0036,0.0049,274.9473065,7.827727079,35.12400413
19870101,0.1247,-0.0181,-0.0316,0.0042,310.3880143,7.860603533,39.50396744
19870201,0.0439,0.0349,-0.0591,0.0043,325.3487166,7.894404128,41.23819161
19870301,0.0164,0.0045,0.0161,0.0047,332.2135745,7.931507828,41.91449795
19870401,-0.0211,-0.0169,-0.0039,0.0044,326.6656078,7.966406462,41.03010205
19870501,0.0011,-0.005,0.0023,0.0038,328.2662693,7.996678807,41.07523516
19870601,0.0394,-0.0212,0.0104,0.0048,342.7756384,8.035062865,42.69359943
19870701,0.0385,-0.0069,0.0068,0.0046,357.5492684,8.072024154,44.337303
19870801,0.0352,-0.0077,-0.0093,0.0047,371.8154842,8.109962668,45.89797607
19870901,-0.0259,0.0054,0.0027,0.0045,363.8586329,8.1464575,44.70921849
19871001,-0.2324,-0.0843,0.0424,0.006,281.4810384,8.195336245,34.31879611
19871101,-0.0777,0.0272,0.0295,0.0035,260.5951453,8.224019922,31.65222565
19871201,0.0681,0.0013,-0.0443,0.0039,279.3579958,8.256093599,33.80774222
19880101,0.0421,-0.0072,0.0501,0.0029,291.9291056,8.280036271,35.23104817
19880201,0.0475,0.0334,-0.0171,0.0046,307.138612,8.318124438,36.90452296
19880301,-0.0227,0.0615,0.0073,0.0044,301.5179754,8.354724185,36.06679029
19880401,0.0056,0.01,0.0167,0.0046,304.5934588,8.393155916,36.26876431
19880501,-0.0029,-0.026,0.0242,0.0051,305.2635644,8.435961012,36.16358489
19880601,0.0479,0.0211,-0.0124,0.0049,321.3814806,8.477297221,37.89582061
19880701,-0.0125,-0.0025,0.0222,0.0051,319.0032576,8.520531436,37.42212285
19880801,-0.0331,0.0004,0.0215,0.0059,310.326369,8.570802572,36.18345059
19880901,0.033,-0.0131,-0.0075,0.0062,322.4911627,8.623941548,37.37750446
19881001,0.0115,-0.0293,0.0205,0.0061,328.1670071,8.676547591,37.80734576
19881101,-0.0229,-0.0172,0.0141,0.0057,322.5225346,8.726003912,36.94155754
19881201,0.0149,0.0195,-0.0169,0.0063,329.3600123,8.780977737,37.49198675
19890101,0.061,-0.0223,0.006,0.0055,351.2624532,8.829273115,39.77899794
19890201,-0.0225,0.0282,0.0101,0.0061,345.5017489,8.883131681,38.88397048
19890301,0.0157,0.0067,0.0058,0.0067,353.2409881,8.942648663,39.49444882
19890401,0.0433,-0.0068,-0.0142,0.0067,370.9030375,9.002564409,41.20455846
19890501,0.0335,-0.0005,-0.0088,0.0079,386.2584233,9.073684668,42.58491116
19890601,-0.0135,-0.0102,0.0225,0.0071,383.7863694,9.138107829,42.01001486
19890701,0.072,-0.0414,-0.0279,0.007,414.1054925,9.202074584,45.03473593
19890801,0.0144,0.0056,0.006,0.0074,423.1329923,9.270169936,45.68323613
19890901,-0.0076,0.0032,-0.0127,0.0065,422.667546,9.33042604,45.33604354
19891001,-0.0367,-0.0323,-0.0111,0.0068,410.0297864,9.393872937,43.67221074
19891101,0.0103,-0.0124,-0.0109,0.0069,417.0822987,9.458690661,44.12203451
19891201,0.0116,-0.0236,0.0016,0.0061,424.4646554,9.516388674,44.63385011
19900101,-0.0785,-0.0124,0.0085,0.0057,393.5636285,9.570632089,41.13009288
19900201,0.0111,0.0099,0.0064,0.0057,400.1754974,9.625184692,41.58663691
19900301,0.0183,0.015,-0.0292,0.0064,410.0598322,9.686785874,42.34767236
19900401,-0.0336,-0.0046,-0.0259,0.0069,399.1112347,9.753624697,40.92479057
19900501,0.0842,-0.0253,-0.0383,0.0068,435.430357,9.819949344,44.37065794
19900601,-0.0109,0.014,-0.0193,0.0063,433.4273774,9.881815025,43.88701776
19900701,-0.019,-0.0312,-0.0003,0.0068,428.1395634,9.949011368,43.05316443
19900801,-0.1015,-0.0357,0.0164,0.0066,387.5091188,10.01467484,38.68326824
19900901,-0.0612,-0.0365,0.0064,0.006,366.1186155,10.07476289,36.31585222
19901001,-0.0192,-0.0557,0.001,0.0068,361.5787446,10.14327128,35.61858786
19901101,0.0635,0.0043,-0.031,0.0057,386.5999938,10.20108793,37.88036819
19901201,0.0246,0.0081,-0.017,0.006,398.4299536,10.26229445,38.81222525
19910101,0.0469,0.0381,-0.016,0.0052,419.1881542,10.31565838,40.63251861
19910201,0.0719,0.0395,-0.0058,0.0048,451.3398856,10.36517354,43.5539967
19910301,0.0265,0.0393,-0.0139,0.0044,465.286288,10.41078031,44.70817761
19910401,-0.0028,0.0048,0.015,0.0053,466.4495038,10.46595744,44.58299471
19910501,0.0365,-0.004,-0.0052,0.0047,485.6672233,10.51514744,46.21027402
19910601,-0.0494,0.0013,0.0115,0.0042,463.7150648,10.55931106,43.92748648
19910701,0.0424,-0.0092,-0.0132,0.0049,485.6487874,10.61105169,45.79001191
19910801,0.0232,0.0158,-0.0078,0.0046,499.1498237,10.65986252,46.85234019
19910901,-0.0159,0.0164,-0.0108,0.0046,493.5094307,10.70889789,46.10738798
19911001,0.0129,0.0081,-0.0047,0.0042,501.9484419,10.75387526,46.70217328
19911101,-0.0419,-0.005,-0.0189,0.0039,482.8744011,10.79581538,44.74535222
19911201,0.1084,-0.0224,-0.0417,0.0038,537.0529089,10.83683948,49.5957484
19920101,-0.0059,0.0846,0.0471,0.0034,535.7102767,10.87368473,49.30313349
19920201,0.0109,0.0087,0.0647,0.0028,543.0495075,10.90413105,49.84053764
19920301,-0.0266,-0.0104,0.0356,0.0034,530.4507589,10.94120509,48.51477934
19920401,0.0107,-0.0606,0.0434,0.0032,537.8240244,10.97621695,49.03388748
19920501,0.003,0.0041,0.0119,0.0028,540.9434038,11.00695036,49.18098914
19920601,-0.0234,-0.0307,0.0324,0.0032,530.016347,11.0421726,48.030154
19920701,0.0377,-0.0047,-0.0056,0.0031,551.641014,11.07640333,49.8408908
19920801,-0.0238,-0.0013,-0.011,0.0026,539.9462245,11.10520198,48.6546776
19920901,0.0119,0.0054,-0.0026,0.0026,547.7754447,11.13407551,49.23366826
19921001,0.0102,0.0209,-0.0198,0.0023,554.6226378,11.15968388,49.73585168
19921101,0.0413,0.0376,-0.0135,0.0023,578.8041848,11.18535115,51.78994236
19921201,0.0153,0.0169,0.0262,0.0028,589.2805406,11.21667014,52.58232847
19930101,0.0093,0.0189,0.0594,0.0023,596.1161948,11.24246848,53.07134413
19930201,0.0012,-0.0348,0.0642,0.0022,598.1429899,11.26720191,53.13502974
19930301,0.023,0.0024,0.0118,0.0025,613.3956361,11.29536991,54.35713542
19930401,-0.0305,-0.0067,0.0249,0.0024,596.1592188,11.3224788,52.69924279
19930501,0.0289,0.0204,-0.0342,0.0022,614.6997705,11.34738825,54.22225091
19930601,0.0031,-0.0029,0.0275,0.0025,618.1420892,11.37575672,54.39033989
19930701,-0.0034,0.0096,0.0285,0.0024,617.5239471,11.40305854,54.20541273
19930801,0.0371,0.0013,0.0013,0.0025,641.9778954,11.43156619,56.21643355
19930901,-0.0012,0.0304,-0.0031,0.0026,642.8766644,11.46128826,56.14897383
19931001,0.0141,0.0203,-0.0276,0.0022,653.3555541,11.48650309,56.94067436
19931101,-0.0189,-0.0125,-0.0074,0.0025,642.640523,11.51521935,55.86449561
19931201,0.0165,0.0123,0.0032,0.0023,654.7221648,11.54170436,56.78625979
19940101,0.0287,0.0034,0.0115,0.0025,675.1494964,11.57055862,58.41602544
19940201,-0.0255,0.028,-0.0154,0.0021,659.3509981,11.59485679,56.9264168
19940301,-0.0478,-0.0108,0.016,0.0027,629.6142681,11.6261629,54.20533407
19940401,0.0068,-0.0093,0.0166,0.0027,635.5956037,11.65755354,54.57393034
19940501,0.0058,-0.0215,0.0067,0.0031,641.2524046,11.69369196,54.89045914
19940601,-0.0303,-0.0041,0.0167,0.0031,623.8103391,11.7299424,53.22727823
19940701,0.0282,-0.0181,0.0058,0.0028,643.1484597,11.76278624,54.72828747
19940801,0.0401,0.0145,-0.0251,0.0037,671.3183622,11.80630855,56.9228918
19940901,-0.0231,0.0314,-0.0189,0.0037,658.294786,11.84999189,55.607973
19941001,0.0134,-0.0224,-0.0162,0.0038,669.6174563,11.89502186,56.35311984
19941101,-0.0404,0.0025,-0.007,0.0037,645.0424956,11.93903344,54.0764538
19941201,0.0086,0.0022,-0.0013,0.0044,653.4280481,11.99156519,54.5415113
19950101,0.018,-0.035,0.0257,0.0042,667.9341508,12.04192976,55.5232585
19950201,0.0363,-0.0066,0.0108,0.004,694.851897,12.09009748,57.53875279
19950301,0.0219,-0.0016,-0.0215,0.0046,713.2654723,12.14571193,58.79885147
19950401,0.0211,-0.0049,0.0171,0.0044,731.4537418,12.19915306,60.03950724
19950501,0.029,-0.0255,0.0229,0.0054,756.6157506,12.26502849,61.78065295
19950601,0.0272,0.0318,-0.0254,0.0047,780.751793,12.32267412,63.46108671
19950701,0.0372,0.0207,-0.0162,0.0045,813.3091428,12.37812616,65.82183914
19950801,0.0055,0.0135,0.0279,0.0047,821.604896,12.43630335,66.18385925
19950901,0.0335,-0.022,-0.0004,0.0043,852.6615611,12.48977946,68.40101854
19951001,-0.0152,-0.0378,-0.005,0.0047,843.7086147,12.54848142,67.36132305
19951101,0.0396,-0.0109,0.0051,0.0042,880.663052,12.60118504,70.02883145
19951201,0.0103,0.007,0.0022,0.0049,894.0491304,12.66293085,70.75012841
19960101,0.0226,-0.0273,0.0038,0.0043,918.099052,12.71738145,72.34908131
19960201,0.0133,0.0179,-0.0108,0.0039,933.8903557,12.76697924,73.3113241
19960301,0.0073,0.0149,0.0035,0.0039,944.3499277,12.81677046,73.84649676
19960401,0.0206,0.0523,-0.0402,0.0046,968.1475459,12.8757276,75.36773459
19960501,0.0236,0.0317,-0.0083,0.0042,995.0620477,12.92980566,77.14641313
19960601,-0.0114,-0.0401,0.0235,0.004,987.6985885,12.98152488,76.26694402
19960701,-0.0597,-0.0431,0.0514,0.0045,933.1776264,13.03994174,71.71380746
19960801,0.0277,0.0244,-0.0074,0.0041,962.8526749,13.0934055,73.70027993
19960901,0.0501,-0.0098,-0.0272,0.0044,1015.328146,13.15101649,77.39266395
19961001,0.0086,-0.0444,0.0494,0.0042,1028.324346,13.20625076,78.05824086
19961101,0.0625,-0.0402,0.0139,0.0041,1096.810747,13.26039638,82.93688092
19961201,-0.017,0.0316,0.0131,0.0046,1083.210294,13.32139421,81.52695394
19970101,0.0499,-0.0195,-0.0142,0.0045,1142.136934,13.38134048,85.59514894
19970201,-0.0049,-0.0322,0.0567,0.0039,1140.994797,13.43352771,85.17573271
19970301,-0.0503,-0.0036,0.0339,0.0043,1088.509037,13.49129188,80.89139336
19970401,0.0404,-0.0577,0.0007,0.0043,1137.165391,13.54930443,84.15940565
19970501,0.0674,0.0519,-0.0413,0.0049,1219.382448,13.61569603,89.83174959
19970601,0.041,0.0122,0.0158,0.0037,1273.888844,13.6660741,93.51485133
19970701,0.0733,-0.0274,0.0026,0.0043,1372.742618,13.72483822,100.3694899
19970801,-0.0415,0.0728,0.0118,0.0041,1321.402044,13.78111006,96.2041561
19970901,0.0535,0.0253,0.0037,0.0044,1397.911222,13.84174694,101.3510784
19971001,-0.038,-0.0073,0.0227,0.0042,1350.661823,13.89988228,97.49973747
19971101,0.0298,-0.0512,0.012,0.0039,1396.179126,13.95409182,100.4052296
19971201,0.0132,-0.0248,0.0384,0.0048,1421.310351,14.02107146,101.7305787
19980101,0.0015,-0.0107,-0.0163,0.0043,1429.553951,14.08136207,101.8831745
19980201,0.0704,0.0032,-0.0085,0.0039,1535.769809,14.13627938,109.05575
19980301,0.0476,-0.0114,0.0139,0.0039,1614.861955,14.19141087,114.2468037
19980401,0.0073,0.0007,0.0094,0.0043,1633.594353,14.25243394,115.0808054
19980501,-0.0307,-0.0338,0.0344,0.004,1589.977384,14.30944367,111.5478247
19980601,0.0318,-0.0321,-0.0196,0.0041,1647.057572,14.36811239,115.0950455
19980701,-0.0246,-0.0491,-0.0178,0.004,1613.128186,14.42558484,112.2637074
19980801,-0.1608,-0.0569,0.0353,0.0043,1360.673625,14.48761485,94.21170323
19980901,0.0615,0.0009,-0.0342,0.0046,1450.614152,14.55425788,100.005723
19981001,0.0713,-0.0312,-0.0223,0.0032,1558.684906,14.60083151,107.136131
19981101,0.061,0.0123,-0.0325,0.0031,1658.596608,14.64609409,113.671435
19981201,0.0616,-0.005,-0.0419,0.0038,1767.068827,14.70174924,120.6735954
19990101,0.035,0.0075,-0.046,0.0035,1835.100976,14.75320537,124.8971713
19990201,-0.0408,-0.0608,0.0192,0.0035,1766.65171,14.80484158,119.8013667
19990301,0.0345,-0.038,-0.0274,0.0043,1835.197796,14.8685024,123.9345138
19990401,0.0433,0.0391,0.0246,0.0037,1921.452093,14.92351586,129.3008783
19990501,-0.0246,0.0334,0.0235,0.0034,1880.717308,14.97425582,126.1200767
19990601,0.0477,0.031,-0.0319,0.004,1977.950393,15.03415284,132.1360043
19990701,-0.0349,0.026,-0.0044,0.0038,1916.436136,15.09128262,127.5244578
19990801,-0.0138,-0.0094,-0.0187,0.0039,1897.463418,15.15013862,125.7646203
19990901,-0.0279,0.0341,-0.0349,0.0039,1851.924296,15.20922416,122.2557873
19991001,0.0612,-0.0664,-0.0337,0.0039,1972.484568,15.26854014,129.7378415
19991101,0.0337,0.0721,-0.0612,0.0036,2046.058242,15.32350688,134.1100068
19991201,0.0772,0.0703,-0.0833,0.0044,2213.016595,15.39093031,144.4632993
20000101,-0.0474,0.0577,-0.0188,0.0041,2117.192976,15.45403313,137.6157389
20000201,0.0245,0.2136,-0.0959,0.0043,2178.168134,15.52048547,140.9873245
20000301,0.052,-0.172,0.0813,0.0047,2301.670267,15.59343175,148.3186654
20000401,-0.064,-0.0668,0.0726,0.0046,2164.951053,15.66516154,138.8262708
20000501,-0.0442,-0.0605,0.0475,0.005,2080.084972,15.74348734,132.6901497
20000601,0.0464,0.1284,-0.0842,0.004,2184.921255,15.80646129,138.8469726
20000701,-0.0251,-0.0307,0.0831,0.0048,2140.567353,15.88233231,135.3619136
20000801,0.0703,-0.0061,-0.0139,0.005,2301.752075,15.96174397,144.8778561
20000901,-0.0545,-0.0182,0.0717,0.0051,2188.045522,16.04314886,136.982013
20001001,-0.0276,-0.0388,0.0571,0.0056,2139.908521,16.1329905,133.2013094
20001101,-0.1072,-0.0341,0.123,0.0051,1921.423861,16.21526875,118.922129
20001201,0.0119,0.0073,0.0761,0.005,1953.895924,16.29634509,120.3373024
20010101,0.0313,0.0668,-0.0507,0.0054,2025.603904,16.38434536,124.1038599
20010201,-0.1005,-0.0078,0.1247,0.0038,1829.728007,16.44660587,111.631422
20010301,-0.0726,0.0025,0.0642,0.0042,1704.574611,16.51568161,103.5269808
20010401,0.0794,0.0055,-0.0467,0.0039,1846.565676,16.58009277,111.747023
20010501,0.0072,0.025,0.0336,0.0032,1865.769959,16.63314907,112.5516016
20010601,-0.0194,0.0624,-0.0112,0.0028,1834.798178,16.67972189,110.3681005
20010701,-0.0213,-0.0419,0.0521,0.003,1801.221371,16.72976105,108.01726
20010801,-0.0646,0.0248,0.0231,0.0031,1690.446257,16.78162331,101.039345
20010901,-0.0925,-0.0623,0.0145,0.0028,1538.813228,16.82861186,91.69320558
20011001,0.0246,0.0748,-0.0765,0.0022,1580.053422,16.8656348,93.94885844
20011101,0.0754,-0.0047,0.0221,0.0017,1701.875541,16.89430638,101.0326024
20011201,0.016,0.0474,0.0084,0.0015,1731.658363,16.91964784,102.649124
20020101,-0.0144,0.0119,0.0344,0.0014,1709.146804,16.94333535,101.1709766
20020201,-0.0229,-0.0101,0.0216,0.0013,1672.229233,16.96536168,98.85416126
20020301,0.0424,0.0421,0.0106,0.0013,1745.305651,16.98741665,103.0455777
20020401,-0.052,0.0596,0.0388,0.0015,1657.167716,17.01289778,97.68720765
20020501,-0.0138,-0.0321,0.0153,0.0014,1636.618836,17.03671584,96.33912419
20020601,-0.0721,0.0429,-0.0005,0.0013,1520.746222,17.05886357,89.39307333
20020701,-0.0818,-0.0528,-0.0385,0.0015,1398.630301,17.08445186,82.08071993
20020801,0.005,-0.0286,0.0328,0.0014,1407.581535,17.10837009,82.49112353
20020901,-0.1035,0.024,0.0147,0.0014,1263.86746,17.13232181,73.95329225
20021001,0.0784,-0.0341,-0.0395,0.0014,1364.724083,17.15630706,79.75123036
20021101,0.0596,0.0318,-0.0123,0.0012,1447.699307,17.17689463,84.50440369
20021201,-0.0576,0.0009,0.0214,0.0011,1365.904297,17.19578921,79.63695004
20030101,-0.0257,0.0133,-0.0083,0.001,1332.16646,17.212985,77.59028042
20030201,-0.0188,-0.0045,-0.0139,0.0009,1308.320681,17.22847669,76.13158315
20030301,0.0109,0.0102,-0.0193,0.001,1323.889697,17.24570517,76.96141741
20030401,0.0822,0.0063,0.0114,0.001,1434.03732,17.26295087,83.28764592
20030501,0.0605,0.0467,0.004,0.0009,1522.087211,17.27848753,88.3265485
20030601,0.0142,0.0174,0.0011,0.001,1545.222937,17.29576602,89.58078548
20030701,0.0235,0.0506,-0.0124,0.0007,1582.617332,17.30787305,91.68593394
20030801,0.0234,0.0259,0.0153,0.0007,1620.75841,17.31998856,93.8313848
20030901,-0.0124,0.008,0.0016,0.0008,1601.957612,17.33384455,92.66787563
20031001,0.0608,0.027,0.0197,0.0007,1700.478005,17.34597825,98.30208246
20031101,0.0135,0.0208,0.0178,0.0007,1724.624793,17.35812043,99.62916058
20031201,0.0429,-0.0268,0.016,0.0008,1799.990896,17.37200693,103.9032516
20040101,0.0215,0.0255,0.0249,0.0007,1839.950694,17.38416733,106.1371715
20040201,0.014,-0.0158,0.009,0.0006,1866.813974,17.39459783,107.6230919
20040301,-0.0132,0.0172,0.0027,0.0009,1843.852162,17.41025297,106.2024671
20040401,-0.0183,-0.0168,-0.031,0.0008,1811.58475,17.42418117,104.2589619
20040501,0.0117,-0.002,-0.0025,0.0006,1833.867242,17.43463568,105.4787918
20040601,0.0186,0.0226,0.0118,0.0008,1869.444266,17.44858339,107.4406973
20040701,-0.0406,-0.0381,0.0324,0.001,1795.414273,17.46603197,103.078605
20040801,0.0008,-0.0148,0.0097,0.0011,1798.825561,17.48524461,103.1610679
20040901,0.016,0.0301,0,0.0011,1829.585478,17.50447838,104.811645
20041001,0.0143,0.0015,-0.0022,0.0011,1857.761094,17.5237333,106.3104515
20041101,0.0454,0.0374,0.0141,0.0015,1944.890089,17.5500189,111.136946
20041201,0.0343,-0.0003,-0.0022,0.0016,2014.711644,17.57809893,114.9489432
20050101,-0.0276,-0.0172,0.0206,0.0016,1962.329141,17.60622389,111.7763524
20050201,0.0189,-0.0057,0.0154,0.0016,2002.556888,17.63439385,113.8889254
20050301,-0.0197,-0.014,0.0204,0.0021,1967.311887,17.67142608,111.6453136
20050401,-0.0261,-0.0394,0.0007,0.0021,1920.096402,17.70853607,108.7313709
20050501,0.0365,0.0289,-0.0064,0.0024,1994.788152,17.75103656,112.700066
20050601,0.0057,0.0258,0.0283,0.0023,2010.746457,17.79186394,113.3424563
20050701,0.0392,0.0291,-0.0079,0.0024,2094.39351,17.83456442,117.7854806
20050801,-0.0122,-0.0097,0.0132,0.003,2075.125089,17.88806811,116.3484978
20050901,0.0049,-0.0065,0.0071,0.0029,2091.311065,17.93994351,116.9186054
20051001,-0.0202,-0.0125,0.0042,0.0027,2054.713121,17.98838135,114.5568496
20051101,0.0361,0.0099,-0.0116,0.0031,2135.257876,18.04414534,118.6923519
20051201,-0.0025,-0.0042,0.002,0.0032,2136.752556,18.1018866,118.395621
20060101,0.0304,0.0539,0.0108,0.0035,2209.188468,18.1652432,121.9948479
20060201,-0.003,-0.0038,-0.0034,0.0034,2210.072143,18.22700503,121.6288633
20060301,0.0146,0.0344,0.006,0.0037,2250.516463,18.29444495,123.4046447
20060401,0.0073,-0.0142,0.0234,0.0036,2275.047093,18.36030495,124.3054986
20060501,-0.0357,-0.0296,0.0241,0.0043,2203.610614,18.43925426,119.8677923
20060601,-0.0035,-0.0039,0.0085,0.004,2204.71242,18.51301128,119.448255
20060701,-0.0078,-0.0398,0.026,0.004,2196.334512,18.58706333,118.5165587
20060801,0.0203,0.0103,-0.0206,0.0042,2250.144708,18.66512899,120.9224448
20060901,0.0184,-0.0136,0.0008,0.0041,2300.772964,18.74165602,123.1474178
20061001,0.0323,0.0175,-0.0031,0.0041,2384.5211,18.81849681,127.1250794
20061101,0.0171,0.007,0.0014,0.0042,2435.311399,18.8975345,129.2989182
20061201,0.0087,-0.0114,0.0273,0.004,2466.239854,18.97312463,130.4238188
20070101,0.014,0.0013,-0.0068,0.0044,2511.618667,19.05660638,132.2497523
20070201,-0.0196,0.0119,-0.0014,0.0038,2471.935092,19.12902149,129.6576571
20070301,0.0068,0.0016,-0.0097,0.0043,2499.373572,19.21127628,130.5393292
20070401,0.0349,-0.0216,-0.0145,0.0044,2597.598953,19.29580589,135.0951518
20070501,0.0324,0.0024,-0.0065,0.0041,2692.411315,19.3749187,139.4722347
20070601,-0.0196,0.0074,-0.0105,0.004,2650.409698,19.45241837,136.7385789
20070701,-0.0373,-0.0261,-0.0371,0.004,2562.151055,19.53022805,131.6382299
20070801,0.0092,-0.0012,-0.0186,0.0042,2596.48388,19.61225501,132.8493016
20070901,0.0322,-0.0223,-0.0221,0.0032,2688.399409,19.67501422,137.1270491
20071001,0.018,0.0008,-0.0298,0.0032,2745.393476,19.73797427,139.595336
20071101,-0.0483,-0.0293,-0.0094,0.0034,2622.125309,19.80508338,132.8528813
20071201,-0.0087,0.0013,-0.0055,0.0027,2606.392557,19.8585571,131.6970612
20080101,-0.0636,-0.0103,0.0397,0.0021,2446.099415,19.90026007,123.3211281
20080201,-0.0309,-0.0043,-0.0084,0.0013,2373.694872,19.92613041,119.5105053
20080301,-0.0093,0.0071,0.003,0.0017,2355.654791,19.96000483,118.3990576
20080401,0.046,-0.0172,-0.0094,0.0018,2468.25509,19.99593284,123.8454142
20080501,0.0186,0.0296,-0.0143,0.0018,2518.607494,20.03192552,126.1489389
20080601,-0.0844,0.0123,-0.0271,0.0017,2310.318655,20.0659798,115.5019685
20080701,-0.0077,0.0261,0.0542,0.0015,2295.994679,20.09607876,114.6126033
20080801,0.0153,0.036,0.0159,0.0013,2334.108191,20.12220367,116.3661762
20080901,-0.0924,-0.0123,0.0591,0.0015,2121.937756,20.15238697,105.6139415
20081001,-0.1723,-0.026,-0.023,0.0008,1758.025431,20.16850888,87.41665937
20081101,-0.0786,-0.0285,-0.0631,0.0003,1620.37204,20.17455944,80.54570994
20081201,0.0174,0.0346,0.0014,0,1648.566513,20.17455944,81.94720529
20090101,-0.0812,0.0007,-0.1129,0,1514.702912,20.17455944,75.29309222
20090201,-0.101,0.0005,-0.0695,0.0001,1361.869388,20.17657689,67.68848991
20090301,0.0895,0.0003,0.0347,0.0002,1484.029073,20.18061221,73.74660976
20090401,0.1018,0.054,0.0536,0.0001,1635.251635,20.18263027,81.25401463
20090501,0.0521,-0.0252,0.0028,0,1720.448245,20.18263027,85.48734879
20090601,0.0043,0.0263,-0.0273,0.0001,1728.018218,20.18464853,85.85494439
20090701,0.0772,0.0187,0.0483,0.0001,1861.594026,20.186667,92.4829461
20090801,0.0333,-0.0108,0.0763,0.0001,1923.771266,20.18868566,95.5626282
20090901,0.0408,0.0243,0.0105,0.0001,2002.453511,20.19070453,99.46158344
20091001,-0.0259,-0.0435,-0.0421,0,1950.589965,20.19070453,96.88552842
20091101,0.0556,-0.024,-0.0034,0,2059.042767,20.19070453,102.2723638
20091201,0.0275,0.0605,-0.0017,0.0001,2115.872347,20.1927236,105.0848538
20100101,-0.0336,0.004,0.0043,0,2044.779037,20.1927236,101.5540027
20100201,0.034,0.0119,0.0323,0,2114.301524,20.1927236,105.0068388
20100301,0.0631,0.0148,0.0221,0.0001,2247.92538,20.19474287,111.6327703
20100401,0.02,0.0487,0.0289,0.0001,2293.10868,20.19676235,113.8654257
20100501,-0.0789,0.0009,-0.0244,0.0001,2112.411716,20.19878202,104.8814437
20100601,-0.0557,-0.0182,-0.047,0.0001,1994.961625,20.2008019,99.03954725
20100701,0.0693,0.002,-0.0031,0.0001,2133.411962,20.20282198,105.9029879
20100801,-0.0477,-0.03,-0.019,0.0001,2031.861552,20.20484226,100.8514153
20100901,0.0954,0.0396,-0.0316,0.0001,2225.90433,20.20686275,110.4726404
20101001,0.0388,0.0114,-0.0243,0.0001,2312.492009,20.20888344,114.7589788
20101101,0.006,0.0377,-0.0096,0.0001,2326.59821,20.21090432,115.4475327
20101201,0.0682,0.0073,0.037,0.0001,2485.504868,20.21292541,123.3210544
20110101,0.0199,-0.025,0.0083,0.0001,2535.214965,20.21494671,125.7751434
20110201,0.0349,0.0153,0.0127,0.0001,2623.947489,20.2169682,130.1646959
20110301,0.0046,0.0254,-0.0183,0.0001,2636.280042,20.2189899,130.7634535
20110401,0.029,-0.0038,-0.0243,0,2712.732164,20.2189899,134.5555937
20110501,-0.0127,-0.0059,-0.0212,0,2678.280465,20.2189899,132.8467376
20110601,-0.0175,-0.0012,-0.0042,0,2631.410557,20.2189899,130.5219197
20110701,-0.0235,-0.0126,-0.009,0,2569.572409,20.2189899,127.4546546
20110801,-0.0599,-0.0305,-0.0236,0.0001,2415.911979,20.2210118,119.8201208
20110901,-0.0759,-0.0331,-0.0172,0,2232.54426,20.2210118,110.7257736
20111001,0.1135,0.0328,0.001,0,2485.938033,20.2210118,123.2931489
20111101,-0.0028,-0.0016,-0.0046,0,2478.977407,20.2210118,122.9479281
20111201,0.0074,-0.0059,0.0163,0,2497.321839,20.2210118,123.8577428
20120101,0.0505,0.0204,-0.0097,0,2623.436592,20.2210118,130.1125588
20120201,0.0442,-0.0185,0.0043,0,2739.39249,20.2210118,135.8635339
20120301,0.0311,-0.0064,0.0114,0,2824.587596,20.2210118,140.0888898
20120401,-0.0085,-0.0042,-0.0078,0,2800.578601,20.2210118,138.8981342
20120501,-0.0619,0.0007,-0.0107,0.0001,2627.502844,20.2230339,130.3003397
20120601,0.0389,0.0067,0.0062,0,2729.712705,20.2230339,135.3690229
20120701,0.0079,-0.0274,-0.0002,0,2751.277435,20.2230339,136.4384382
20120801,0.0255,0.0047,0.013,0.0001,2821.710137,20.2250562,139.9176184
20120901,0.0273,0.005,0.016,0.0001,2899.024995,20.22707871,143.7373694
20121001,-0.0176,-0.0115,0.0359,0.0001,2848.292058,20.22910142,141.2075917
20121101,0.0078,0.0063,-0.0084,0.0001,2870.793565,20.23112433,142.3090109
20121201,0.0118,0.0148,0.0351,0.0001,2904.956008,20.23314744,143.9882572
20130101,0.0557,0.0033,0.0096,0,3066.762058,20.23314744,152.0084031
20130201,0.0129,-0.0027,0.0011,0,3106.323288,20.23314744,153.9693115
20130301,0.0403,0.0081,-0.0019,0,3231.508117,20.23314744,160.1742748
20130401,0.0155,-0.0237,0.0045,0,3281.596493,20.23314744,162.6569761
20130501,0.028,0.017,0.0263,0,3373.481195,20.23314744,167.2113714
20130601,-0.012,0.0133,0.0003,0,3332.99942,20.23314744,165.2048349
20130701,0.0565,0.0187,0.0057,0,3521.313888,20.23314744,174.5389081
20130801,-0.0271,0.0027,-0.0269,0,3425.886281,20.23314744,169.8089037
20130901,0.0377,0.0288,-0.0122,0,3555.042194,20.23314744,176.2106994
20131001,0.0418,-0.0153,0.0125,0,3703.642958,20.23314744,183.5763066
20131101,0.0313,0.0129,0.0032,0,3819.566982,20.23314744,189.322245
20131201,0.0281,-0.0046,-0.0002,0,3926.896814,20.23314744,194.6422001
20140101,-0.0332,0.0089,-0.0207,0,3796.52384,20.23314744,188.180079
20140201,0.0465,0.0035,-0.0031,0,3973.062199,20.23314744,196.9304527
20140301,0.0043,-0.0181,0.0493,0,3990.146366,20.23314744,197.7772537
20140401,-0.0019,-0.0419,0.0117,0,3982.565088,20.23314744,197.4014769
20140501,0.0206,-0.0188,-0.0013,0,4064.605929,20.23314744,201.4679473
20140601,0.0261,0.0309,-0.007,0,4170.692144,20.23314744,206.7262607
20140701,-0.0204,-0.0429,0.0003,0,4085.610024,20.23314744,202.509045
20140801,0.0424,0.004,-0.0045,0,4258.839889,20.23314744,211.0954285
20140901,-0.0197,-0.0371,-0.0134,0,4174.940743,20.23314744,206.9368486
20141001,0.0252,0.0421,-0.0181,0,4280.14925,20.23314744,212.1516572
20141101,0.0255,-0.0206,-0.0309,0,4389.293056,20.23314744,217.5615244
20141201,-0.0006,0.0249,0.0227,0,4386.65948,20.23314744,217.4309875
20150101,-0.0311,-0.0056,-0.0358,0,4250.23437,20.23314744,210.6688838
20150201,0.0613,0.0063,-0.0186,0,4510.773737,20.23314744,223.5828864
20150301,-0.0112,0.0304,-0.0037,0,4460.253071,20.23314744,221.078758
20150401,0.0059,-0.0306,0.0182,0,4486.568564,20.23314744,222.3831227
20150501,0.0136,0.0093,-0.0114,0,4547.585897,20.23314744,225.4075332
20150601,-0.0153,0.0291,-0.0079,0,4478.007833,20.23314744,221.9587979
20150701,0.0154,-0.0417,-0.0413,0,4546.969153,20.23314744,225.3769634
20150801,-0.0604,0.0033,0.0277,0,4272.332216,20.23314744,211.7641948
20150901,-0.0307,-0.0262,0.0056,0,4141.171617,20.23314744,205.263034
20151001,0.0775,-0.0188,-0.0046,0,4462.112418,20.23314744,221.1709192
20151101,0.0056,0.036,-0.0042,0,4487.100247,20.23314744,222.4094763
20151201,-0.0217,-0.0284,-0.0261,0.0001,4390.178882,20.23517075,217.5831907
20160101,-0.0577,-0.0342,0.0209,0.0001,4137.304578,20.23719427,205.0286406
20160201,-0.0007,0.0073,-0.0057,0.0002,4135.235926,20.24124171,204.8851205
20160301,0.0696,0.0082,0.0119,0.0002,4423.875394,20.24528996,219.1451249
20160401,0.0091,0.0076,0.0328,0.0001,4464.575047,20.24731449,221.1393456
20160501,0.0178,-0.0017,-0.0166,0.0001,4544.490941,20.24933922,225.0756259
20160601,-0.0005,0.0061,-0.0148,0.0002,4543.127593,20.25338908,224.9630881
20160701,0.0395,0.0249,-0.0132,0.0002,4723.489759,20.25743976,233.8491301
20160801,0.0049,0.0115,0.0318,0.0002,4747.579556,20.26149125,234.9949908
20160901,0.0025,0.0212,-0.0124,0.0002,4760.398021,20.26554355,235.5824783
20161001,-0.0202,-0.044,0.0409,0.0002,4665.190061,20.26959666,230.8237122
20161101,0.0486,0.0571,0.0821,0.0001,4892.384817,20.27162362,242.0417446
20161201,0.0182,0.001,0.0353,0.0003,4982.893936,20.2777051,246.4469044
20170101,0.0194,-0.0119,-0.0275,0.0004,5081.555236,20.28581619,251.2279743
20170201,0.0357,-0.0205,-0.0167,0.0004,5264.99938,20.29393051,260.196813
20170301,0.0017,0.0114,-0.0335,0.0003,5275.529379,20.30001869,260.6391476
20170401,0.0109,0.0073,-0.0213,0.0005,5335.670414,20.3101687,263.4801143
20170501,0.0106,-0.0257,-0.0378,0.0006,5395.429922,20.3223548,266.2730035
20170601,0.0078,0.0225,0.0148,0.0006,5440.751534,20.33454822,268.349933
20170701,0.0187,-0.0151,-0.0031,0.0007,5546.302113,20.3487824,273.3680767
20170801,0.0016,-0.0167,-0.0209,0.0009,5560.167869,20.3670963,273.8054656
20170901,0.0251,0.0447,0.0314,0.0009,5704.732233,20.38542669,280.6779828
20171001,0.0225,-0.0194,0.002,0.0009,5838.222967,20.40377357,286.9932374
20171101,0.0312,-0.0055,-0.0003,0.0008,6025.046102,20.42009659,295.9474264
20171201,0.0106,-0.0132,0.0006,0.0009,6094.334133,20.43847468,299.0844692
20180101,0.0557,-0.0313,-0.0129,0.0012,6441.101745,20.46300085,315.7434741
20180201,-0.0365,0.0025,-0.0104,0.0011,6213.086743,20.48551015,304.2188373
20180301,-0.0235,0.0406,-0.0021,0.0011,6073.9136,20.50804421,297.0696946
20180401,0.0028,0.0113,0.0054,0.0014,6099.424037,20.53675547,297.9014898
20180501,0.0265,0.0525,-0.032,0.0014,6269.597968,20.56550693,305.7958792
20180601,0.0048,0.0114,-0.0234,0.0014,6308.469475,20.59429864,307.2636995
20180701,0.0319,-0.0222,0.0047,0.0016,6519.803202,20.62724952,317.0654115
20180801,0.0344,0.0114,-0.0394,0.0016,6754.516118,20.66025312,327.9724616
20180901,0.0006,-0.0227,-0.017,0.0015,6768.700602,20.6912435,328.1692451
20181001,-0.0768,-0.0478,0.034,0.0019,6261.724926,20.73055686,302.9658471
20181101,0.0169,-0.0068,0.003,0.0018,6378.819183,20.76787186,308.0859699
20181201,-0.0957,-0.0238,-0.0184,0.002,5781.123825,20.80940761,278.6021426
20190101,0.084,0.029,-0.0046,0.0021,6278.878587,20.85310736,302.0047225
20190201,0.034,0.0205,-0.0267,0.0018,6503.66244,20.89064296,312.2728831
20190301,0.011,-0.0305,-0.0417,0.0019,6587.559685,20.93033518,315.7078848
20190401,0.0397,-0.0174,0.0215,0.0021,6862.91968,20.97428888,328.2414879
20190501,-0.0694,-0.0132,-0.0237,0.0021,6401.045186,21.01833489,305.4615286
20190601,0.0693,0.0029,-0.0071,0.0018,6856.159499,21.05616789,326.6300125
20190701,0.0119,-0.0193,0.0048,0.0019,6950.7745,21.09617461,330.5169097
20190801,-0.0258,-0.0238,-0.0478,0.0016,6782.565757,21.12992849,321.9895734
20190901,0.0143,-0.0096,0.0675,0.0018,6891.765065,21.16796236,326.5940243
20191001,0.0206,0.0029,-0.0191,0.0016,7044.76225,21.2018311,333.3218612
20191101,0.0387,0.0077,-0.0202,0.0012,7325.848264,21.2272733,346.2214172
20191201,0.0277,0.0073,0.0175,0.0014,7539.030448,21.25699148,355.8117505
20200101,-0.0011,-0.0311,-0.0625,0.0013,7540.538254,21.28462557,355.4203576
20200201,-0.0813,0.0107,-0.0381,0.0012,6936.54114,21.31016712,326.5246825
20200301,-0.1339,-0.0483,-0.1387,0.0013,6016.755785,21.33787034,282.8030275
20200401,0.1365,0.0245,-0.0133,0,6838.042949,21.33787034,321.4056408
20200501,0.0558,0.0247,-0.0488,0.0001,7220.28955,21.34000412,339.3400755
20200601,0.0246,0.0269,-0.022,0.0001,7398.630702,21.34213812,347.6878414
20200701,0.0577,-0.0233,-0.0141,0.0001,7826.271557,21.34427234,367.7494298
20200801,0.0763,-0.0022,-0.0297,0.0001,8424.198704,21.34640677,395.8087113
20200901,-0.0363,0.0002,-0.0271,0.0001,8119.242711,21.34854141,381.4408551
20201001,-0.021,0.0438,0.0425,0.0001,7949.550538,21.35067626,373.4305971
20201101,0.1247,0.058,0.0209,0.0001,8941.654445,21.35281133,419.9973926
20201201,0.0463,0.0489,-0.0151,0.0001,9356.547211,21.35494661,439.4432719
20210101,-0.0003,0.0736,0.0301,0.0001,9354.675902,21.3570821,439.3114389
20210201,0.0278,0.0205,0.0715,0,9614.735892,21.3570821,451.5242969
20210301,0.0308,-0.0237,0.0739,0,9910.869758,21.3570821,465.4312453
20210401,0.0493,-0.0319,-0.0095,0,10399.47564,21.3570821,488.3770056
20210501,0.0029,-0.0025,0.0709,0,10429.63412,21.3570821,489.793299
20210601,0.0275,0.0168,-0.0787,0,10716.44905,21.3570821,503.2626147
20210701,0.0127,-0.0397,-0.0178,0,10852.54796,21.3570821,509.6540499
20210801,0.0291,-0.0042,-0.0015,0,11168.3571,21.3570821,524.4849827
20210901,-0.0437,0.0071,0.0508,0,10680.2999,21.3570821,501.564989
20211001,0.0665,-0.0235,-0.0049,0,11390.53984,21.3570821,534.9190608
20211101,-0.0155,-0.0132,-0.0045,0,11213.98647,21.3570821,526.6278153
20211201,0.031,-0.0167,0.0326,0.0001,11562.74145,21.35921781,542.9532776
20220101,-0.0625,-0.0594,0.1275,0,10840.07011,21.35921781,509.0186977
20220201,-0.0229,0.0219,0.0308,0,10591.83251,21.35921781,497.3621696
20220301,0.0305,-0.0161,-0.0181,0.0001,10915.94258,21.36135373,512.5317157
20220401,-0.0946,-0.0139,0.0617,0.0001,9884.386007,21.36348987,464.0462154
20220501,-0.0034,-0.0183,0.0839,0.0003,9853.74441,21.36989892,462.4684583
20220601,-0.0843,0.021,-0.0597,0.0006,9028.986003,21.38272086,423.4823673
20220701,0.0957,0.0281,-0.0405,0.0008,9900.283152,21.39982703,464.0096298
20220801,-0.0377,0.014,0.0029,0.0019,9545.853015,21.4404867,446.5164668
20220901,-0.0935,-0.0081,0.0005,0.0019,8671.452879,21.48122363,404.7671771
20221001,0.0783,0.0006,0.0801,0.0023,9370.371981,21.53063044,436.4604471
20221101,0.046,-0.0352,0.0138,0.0029,9828.583171,21.59306927,456.5376277
20221201,-0.0641,-0.0069,0.0137,0.0033,9231.005314,21.6643264,427.2735657
20230101,0.0665,0.0501,-0.0401,0.0035,9877.175686,21.74015154,455.6872578
20230201,-0.0258,0.0117,-0.0081,0.0034,9655.926951,21.81406806,443.9305266
20230301,0.0251,-0.0551,-0.0885,0.0036,9933.052054,21.8925987,455.0731828
20230401,0.0061,-0.0335,-0.0004,0.0035,10028.40935,21.9692228,457.8491292
20230501,0.0035,0.0161,-0.0772,0.0036,10099.61106,22.048312,459.4516012
20230601,0.0646,0.0154,-0.0026,0.004,10792.44438,22.13650525,489.1321746
20230701,0.0321,0.0208,0.0411,0.0045,11187.44784,22.23611952,504.8333174
20230801,-0.0239,-0.0316,-0.0106,0.0045,10970.41136,22.33618206,492.7678011
20230901,-0.0524,-0.0251,0.0152,0.0043,10442.73457,22.43222764,466.9467684
20231001,-0.0319,-0.0387,0.0019,0.0047,10158.69219,22.53765911,452.0511664
20231101,0.0884,-0.0002,0.0164,0.0044,11101.41882,22.63682481,492.0124896
20231201,0.0487,0.0634,0.0493,0.0043,11689.79402,22.73416316,515.9734978
20240101,0.0071,-0.0509,-0.0238,0.0047,11827.73359,22.84101373,519.6369096
20240201,0.0506,-0.0024,-0.0348,0.0042,12475.89339,22.93694598,545.9305373
